{"type":"FeatureCollection","features":[{"type":"Feature","properties":{"ProvincNam":"آذربایجان شرقی","ADM1_FA":"آذربایجان شرقی","Name":"آذربایجان شرقی"},"geometry":{"type":"Polygon","coordinates":[[[47.17768,36.79204],[47.14038,36.83636],[47.09984,36.83304],[47.04941,36.80992],[47.024,36.79038],[47.02274,36.77068],[47.00436,36.74607],[46.99076,36.7576],[46.95541,36.7499],[46.91236,36.77314],[46.87975,36.78028],[46.87453,36.79768],[46.8988,36.901],[46.84327,36.93084],[46.83237,36.95582],[46.83465,36.98162],[46.86854,36.99922],[46.79958,37.05158],[46.7075,37.07121],[46.65039,37.04064],[46.53834,37.02175],[46.47762,37.02422],[46.47096,37.02822],[46.47838,37.04612],[46.5143,37.06967],[46.51289,37.09825],[46.46003,37.10412],[46.43301,37.06032],[46.31934,36.995],[46.29005,36.96727],[46.24322,36.96741],[46.19818,36.9389],[46.17768,36.95208],[46.17997,36.98783],[46.15278,37.02442],[46.15015,37.04223],[46.11512,37.06014],[46.09723,37.08088],[46.06896,37.08974],[46.04707,37.13276],[46.02718,37.1378],[46.00215,37.16198],[45.93733,37.17311],[45.84263,37.16778],[45.76182,37.18292],[45.77105,37.2009],[45.78819,37.20852],[45.79209,37.23003],[45.76269,37.26593],[45.80606,37.28009],[45.85425,37.34267],[45.88958,37.34089],[45.95371,37.36849],[45.94895,37.37801],[45.92087,37.37848],[45.89577,37.39181],[45.84116,37.44118],[45.81368,37.49079],[45.7856,37.51946],[45.76193,37.52791],[45.74931,37.546],[45.7298,37.55075],[45.73028,37.57169],[45.71196,37.58288],[45.71077,37.59703],[45.67484,37.61643],[45.66365,37.6332],[45.68673,37.63023],[45.69685,37.6363],[45.72754,37.62202],[45.79809,37.62047],[45.81677,37.64462],[45.81927,37.66806],[45.79893,37.68032],[45.78163,37.67701],[45.76077,37.7056],[45.70336,37.72839],[45.62267,37.77411],[45.51629,37.7565],[45.50978,37.74986],[45.52281,37.73394],[45.49941,37.72876],[45.51074,37.71706],[45.49374,37.71995],[45.49181,37.73889],[45.48216,37.74576],[45.47215,37.73925],[45.4631,37.75577],[45.44851,37.75517],[45.4473,37.77049],[45.41283,37.81067],[45.42136,37.81844],[45.40856,37.88849],[45.42623,37.91453],[45.44877,37.92626],[45.51258,37.93509],[45.51197,37.94362],[45.53083,37.962],[45.52255,37.98798],[45.5294,37.99769],[45.51879,38.00778],[45.51819,38.0355],[45.50808,38.04171],[45.52664,38.06895],[45.52331,38.10203],[45.50808,38.1351],[45.43586,38.20613],[45.4129,38.21255],[45.35484,38.25396],[45.10519,38.26376],[45.09572,38.31835],[45.08318,38.33403],[45.13046,38.3754],[45.17894,38.39035],[45.21344,38.43027],[45.26771,38.43787],[45.31559,38.47864],[45.33959,38.48419],[45.29099,38.53593],[45.28894,38.55233],[45.26023,38.5937],[45.25987,38.63278],[45.23394,38.6686],[45.24443,38.67355],[45.2748,38.73109],[45.26155,38.78372],[45.26321,38.85752],[45.27672,38.87236],[45.32858,38.89009],[45.37568,38.96546],[45.45559,38.99135],[45.53615,38.96013],[45.56874,38.97581],[45.60635,38.95388],[45.60773,38.9414],[45.64275,38.95099],[45.69712,38.9449],[45.71128,38.92708],[45.78362,38.92023],[45.80265,38.90211],[45.84011,38.90683],[45.85047,38.8881],[45.87407,38.88505],[45.88519,38.87454],[45.90864,38.87317],[45.93072,38.89297],[45.98555,38.8715],[46.02682,38.86967],[46.04814,38.88612],[46.06473,38.87028],[46.13022,38.83754],[46.16859,38.83723],[46.26773,38.89769],[46.30032,38.8986],[46.33931,38.91399],[46.40616,38.88368],[46.43022,38.89632],[46.46738,38.8852],[46.52077,38.88995],[46.53543,38.87034],[46.63689,38.93468],[46.63632,38.94401],[46.68238,38.9916],[46.69323,39.01311],[46.71722,39.01007],[46.76157,39.03119],[46.757,39.04357],[46.76576,39.06622],[46.8124,39.11305],[46.8341,39.12085],[46.83943,39.13608],[46.86493,39.13875],[46.89254,39.15797],[46.93194,39.15892],[46.95364,39.13818],[46.98867,39.15169],[46.99533,39.16483],[47.01246,39.16368],[47.05263,39.19471],[47.05582,39.23267],[47.11277,39.28818],[47.15625,39.29952],[47.16554,39.3111],[47.18381,39.30866],[47.22143,39.32343],[47.23742,39.33919],[47.30282,39.36858],[47.3348,39.40498],[47.34805,39.40521],[47.35422,39.42204],[47.43315,39.33794],[47.42497,39.31814],[47.44096,39.3071],[47.50198,39.29415],[47.47784,39.26757],[47.50434,39.24587],[47.5099,39.23186],[47.50304,39.2177],[47.51599,39.22014],[47.51637,39.18785],[47.50792,39.16783],[47.52018,39.15488],[47.49756,39.12975],[47.51157,39.11887],[47.51683,39.08917],[47.52893,39.07805],[47.52109,39.05711],[47.52512,39.04653],[47.50595,39.02977],[47.52331,39.01134],[47.49423,38.99276],[47.5521,38.97341],[47.54511,38.96339],[47.51532,38.95833],[47.52497,38.94567],[47.50989,38.93433],[47.50024,38.91238],[47.5076,38.89634],[47.53474,38.88886],[47.53932,38.85485],[47.58443,38.81613],[47.53232,38.81432],[47.45706,38.78465],[47.42245,38.75474],[47.4134,38.73279],[47.42667,38.71325],[47.42703,38.69661],[47.44862,38.6837],[47.48251,38.68418],[47.52605,38.66283],[47.55657,38.64125],[47.56139,38.6129],[47.49711,38.58118],[47.46207,38.48655],[47.42902,38.43276],[47.37789,38.39742],[47.34255,38.35159],[47.29008,38.32976],[47.28731,38.30141],[47.32258,38.29001],[47.39337,38.23885],[47.45547,38.24742],[47.4726,38.24195],[47.47748,38.21089],[47.46921,38.19201],[47.47752,38.18055],[47.61477,38.21757],[47.66216,38.21015],[47.69333,38.217],[47.71582,38.20831],[47.74223,38.23044],[47.77055,38.23377],[47.77788,38.25103],[47.78447,38.24561],[47.80137,38.20885],[47.82707,38.18648],[47.84384,38.15816],[47.84099,38.10058],[47.86169,38.00041],[47.90984,37.9883],[47.9368,37.9487],[47.93756,37.93789],[47.91152,37.92616],[47.90375,37.90576],[47.8876,37.89091],[47.89359,37.86902],[47.90901,37.86083],[47.93766,37.87244],[47.97678,37.87463],[48.00562,37.89376],[48.05026,37.87168],[48.05768,37.84627],[48.10432,37.85255],[48.11089,37.83056],[48.13858,37.82257],[48.15162,37.80839],[48.14353,37.76651],[48.13173,37.74681],[48.0711,37.73139],[48.06244,37.69827],[48.0257,37.65144],[48.02332,37.61023],[48.06977,37.59214],[48.08224,37.56854],[48.0573,37.54389],[48.05149,37.52666],[48.06472,37.50791],[48.10061,37.5042],[48.11403,37.48792],[48.15886,37.47583],[48.1482,37.43453],[48.15571,37.40997],[48.23243,37.36248],[48.23538,37.34887],[48.25061,37.3384],[48.24861,37.32307],[48.26279,37.32536],[48.25908,37.3185],[48.27383,37.31384],[48.27335,37.30547],[48.29877,37.29338],[48.30058,37.27986],[48.32275,37.27586],[48.34493,37.25474],[48.33655,37.24265],[48.32075,37.24674],[48.15629,37.22504],[48.13439,37.20781],[48.10546,37.15508],[48.04502,37.14985],[48.0119,37.1211],[48.0001,37.12348],[47.99819,37.1489],[47.97373,37.16355],[47.90482,37.17583],[47.86989,37.17298],[47.79851,37.13881],[47.78928,37.08732],[47.78081,37.07618],[47.75301,37.07942],[47.73664,37.09274],[47.71133,37.08494],[47.67211,37.09817],[47.64594,37.07637],[47.64127,37.05667],[47.61034,37.03533],[47.6025,37.04896],[47.58429,37.05765],[47.53492,37.06491],[47.52567,37.02288],[47.509,37.00026],[47.46619,36.98901],[47.43204,36.95914],[47.3847,36.94355],[47.30846,36.89975],[47.29553,36.88071],[47.25556,36.86163],[47.24436,36.83822],[47.19674,36.79744],[47.17768,36.79204]]]}},{"type":"Feature","properties":{"ProvincNam":"آذربایجان غربی","ADM1_FA":"آذربایجان غربی","Name":"آذربایجان غربی"},"geometry":{"type":"Polygon","coordinates":[[[45.45559,38.99135],[45.37568,38.96546],[45.32858,38.89009],[45.27672,38.87236],[45.26321,38.85752],[45.26155,38.78372],[45.2748,38.73109],[45.23382,38.66426],[45.2577,38.63772],[45.26023,38.5937],[45.28894,38.55233],[45.29099,38.53593],[45.33959,38.48419],[45.31559,38.47864],[45.26771,38.43787],[45.21344,38.43027],[45.17894,38.39035],[45.13046,38.3754],[45.08583,38.33813],[45.10519,38.26376],[45.06582,38.25158],[45.04763,38.23468],[45.0439,38.22181],[45.05646,38.21366],[45.03301,38.20292],[45.03095,38.19242],[45.04169,38.17848],[45.02417,38.17338],[45.03044,38.18099],[45.01826,38.18145],[44.99968,38.1548],[45.00729,38.13394],[45.02035,38.12945],[45.03096,38.13488],[45.06196,38.12005],[45.07354,38.1211],[45.0744,38.13298],[45.09062,38.13258],[45.1118,38.15148],[45.12402,38.11751],[45.14081,38.11648],[45.16143,38.1347],[45.15395,38.1532],[45.16211,38.16079],[45.16971,38.13053],[45.20711,38.12013],[45.20392,38.07919],[45.19386,38.06805],[45.20677,38.06451],[45.18964,38.06343],[45.20026,38.05646],[45.19129,38.05172],[45.19038,38.03476],[45.16628,38.02459],[45.16274,38.0158],[45.15732,38.02157],[45.10152,38.00815],[45.06303,37.98968],[45.04816,37.96743],[45.04542,37.9277],[45.08243,37.85143],[45.1105,37.83371],[45.16023,37.82336],[45.21103,37.79552],[45.25958,37.75221],[45.25613,37.72318],[45.26303,37.69022],[45.23852,37.66714],[45.23542,37.64775],[45.24304,37.6324],[45.27103,37.61635],[45.25976,37.59975],[45.26181,37.58521],[45.28534,37.55963],[45.26364,37.49833],[45.26745,37.48577],[45.29988,37.45402],[45.30392,37.42721],[45.32044,37.40125],[45.31967,37.37027],[45.29911,37.34876],[45.30026,37.33182],[45.31187,37.3183],[45.30844,37.28232],[45.32481,37.26919],[45.32596,37.24901],[45.35489,37.22979],[45.35698,37.198],[45.40591,37.18562],[45.40476,37.17763],[45.44588,37.14127],[45.46549,37.10624],[45.50851,37.1071],[45.51077,37.11519],[45.5373,37.12923],[45.53338,37.10734],[45.60548,37.07653],[45.62404,37.08997],[45.63879,37.14089],[45.64462,37.23214],[45.65473,37.26784],[45.6815,37.29377],[45.70268,37.28961],[45.71933,37.26867],[45.76269,37.26593],[45.79209,37.23003],[45.78819,37.20852],[45.77105,37.2009],[45.76487,37.18073],[45.85462,37.16683],[45.93733,37.17311],[45.99272,37.16597],[46.02004,37.15132],[46.02718,37.1378],[46.04707,37.13276],[46.06896,37.08974],[46.09723,37.08088],[46.11512,37.06014],[46.15015,37.04223],[46.15278,37.02442],[46.17997,36.98783],[46.17768,36.95208],[46.19818,36.9389],[46.24322,36.96741],[46.29005,36.96727],[46.31934,36.995],[46.43301,37.06032],[46.46003,37.10412],[46.51289,37.09825],[46.5143,37.06967],[46.47838,37.04612],[46.47096,37.02822],[46.47762,37.02422],[46.53834,37.02175],[46.65039,37.04064],[46.7075,37.07121],[46.79958,37.05158],[46.86854,36.99922],[46.83465,36.98162],[46.83237,36.95582],[46.84327,36.93084],[46.8988,36.901],[46.87453,36.79768],[46.87975,36.78028],[46.91236,36.77314],[46.95541,36.7499],[46.99076,36.7576],[47.00436,36.74607],[47.02274,36.77068],[47.024,36.79038],[47.04941,36.80992],[47.09984,36.83304],[47.14038,36.83636],[47.19909,36.76743],[47.21329,36.73589],[47.29648,36.68677],[47.33807,36.60602],[47.34302,36.54206],[47.36358,36.50506],[47.35924,36.48282],[47.37835,36.43782],[47.37492,36.38331],[47.40043,36.33777],[47.39579,36.32361],[47.33373,36.25897],[47.30712,36.24977],[47.19433,36.24366],[47.14128,36.24954],[47.12729,36.25891],[47.08788,36.25211],[47.06938,36.28072],[47.01901,36.32155],[46.92724,36.32264],[46.91062,36.3384],[46.90914,36.3705],[46.89646,36.38894],[46.8582,36.41384],[46.84678,36.40824],[46.83536,36.41772],[46.81548,36.40944],[46.81577,36.42126],[46.79355,36.4284],[46.76963,36.42309],[46.77522,36.41658],[46.76032,36.41698],[46.75792,36.4079],[46.73057,36.41885],[46.67136,36.39634],[46.66108,36.4029],[46.637,36.39586],[46.57828,36.39881],[46.50372,36.42017],[46.4698,36.41692],[46.42303,36.38254],[46.33005,36.37496],[46.27756,36.39243],[46.21441,36.45253],[46.18481,36.46048],[46.10943,36.45458],[46.04906,36.4314],[45.99963,36.42445],[45.96098,36.388],[45.96783,36.34638],[45.98729,36.32344],[45.99351,36.27753],[45.95993,36.24203],[45.84526,36.21791],[45.75073,36.23636],[45.69845,36.23057],[45.68094,36.20601],[45.69117,36.17199],[45.64944,36.13644],[45.67889,36.10655],[45.63868,36.08909],[45.56811,36.07724],[45.56068,36.06172],[45.56585,36.00008],[45.53645,35.99362],[45.50635,36.00088],[45.4734,35.99014],[45.44707,35.99677],[45.42499,35.96888],[45.41205,35.96631],[45.40024,35.97468],[45.36956,35.97385],[45.35176,35.99112],[45.3486,36.01224],[45.37806,36.05686],[45.38513,36.08635],[45.33267,36.13402],[45.32757,36.1459],[45.33305,36.1625],[45.31919,36.18382],[45.3345,36.20262],[45.3182,36.21983],[45.31645,36.23544],[45.27054,36.25334],[45.30435,36.27344],[45.26064,36.31029],[45.28432,36.33854],[45.27648,36.34623],[45.27092,36.39504],[45.25028,36.40532],[45.23925,36.43266],[45.16291,36.41844],[45.14715,36.40565],[45.11866,36.40662],[45.08439,36.42623],[45.07621,36.45469],[45.05955,36.46763],[45.04927,36.50637],[45.01634,36.51998],[45.00216,36.53749],[45.00226,36.55234],[45.03814,36.563],[45.02872,36.60507],[45.06279,36.61735],[45.06945,36.63343],[45.06574,36.68445],[45.03062,36.74251],[45.0035,36.75587],[44.97221,36.75214],[44.93894,36.78602],[44.91328,36.77658],[44.88487,36.78206],[44.85343,36.77453],[44.83843,36.79272],[44.84056,36.81998],[44.85236,36.83285],[44.903,36.86125],[44.91328,36.91851],[44.88335,36.95369],[44.90524,37.01069],[44.89775,37.02532],[44.8598,37.03567],[44.85135,37.04745],[44.8172,37.03936],[44.80543,37.04412],[44.79829,37.06565],[44.77747,37.07731],[44.77866,37.09456],[44.7482,37.11586],[44.78223,37.14548],[44.78389,37.1644],[44.76628,37.18201],[44.7575,37.23032],[44.76641,37.24631],[44.81244,37.27761],[44.80044,37.30707],[44.76686,37.3298],[44.71535,37.3491],[44.72369,37.36247],[44.71353,37.38017],[44.65676,37.38679],[44.65402,37.40221],[44.62387,37.43476],[44.58012,37.44619],[44.58846,37.45646],[44.58515,37.47006],[44.60765,37.48947],[44.60251,37.50466],[44.59063,37.50877],[44.60091,37.51506],[44.61313,37.54635],[44.6024,37.55457],[44.61268,37.56383],[44.61342,37.60184],[44.56928,37.64716],[44.57749,37.6687],[44.6177,37.70213],[44.61461,37.72771],[44.5989,37.73996],[44.58796,37.764],[44.55607,37.77899],[44.53073,37.7822],[44.45233,37.76673],[44.44376,37.77328],[44.44745,37.80088],[44.4208,37.79897],[44.4139,37.81622],[44.39653,37.81967],[44.3926,37.8324],[44.40474,37.84799],[44.38535,37.86167],[44.35667,37.86251],[44.32134,37.87535],[44.29683,37.86477],[44.2609,37.86655],[44.22378,37.88487],[44.23377,37.92742],[44.24342,37.92935],[44.2509,37.94322],[44.24282,37.96227],[44.26826,37.99387],[44.25777,37.99689],[44.25727,38.00514],[44.29854,38.03804],[44.29123,38.04839],[44.30889,38.06088],[44.30067,38.07093],[44.31834,38.07504],[44.32153,38.09301],[44.359,38.10185],[44.34377,38.1291],[44.36813,38.13489],[44.38641,38.15119],[44.38504,38.16459],[44.3992,38.19093],[44.39143,38.23525],[44.41382,38.26159],[44.44945,38.27728],[44.46995,38.2988],[44.48727,38.30137],[44.48984,38.3166],[44.48251,38.34296],[44.45291,38.35724],[44.4472,38.38303],[44.37211,38.35876],[44.3564,38.37275],[44.32794,38.36799],[44.30739,38.38103],[44.30881,38.39902],[44.32014,38.40864],[44.30225,38.44271],[44.31045,38.47499],[44.32111,38.48535],[44.30416,38.53037],[44.3125,38.54579],[44.30725,38.56578],[44.31855,38.58143],[44.31695,38.61501],[44.30154,38.63431],[44.26156,38.64641],[44.27846,38.66891],[44.25836,38.713],[44.27698,38.74532],[44.28395,38.79912],[44.29343,38.81568],[44.27527,38.84755],[44.23152,38.84926],[44.2137,38.89974],[44.22113,38.92076],[44.19254,38.93943],[44.20148,38.9506],[44.18571,38.96191],[44.19005,38.98236],[44.16783,39.0],[44.20743,39.0175],[44.19159,39.04598],[44.19798,39.05816],[44.18824,39.07187],[44.21882,39.09628],[44.20797,39.12769],[44.16742,39.16994],[44.11374,39.18651],[44.09432,39.20297],[44.10413,39.2438],[44.08718,39.25675],[44.1066,39.28597],[44.08814,39.29596],[44.08309,39.33089],[44.0514,39.34698],[44.05425,39.35507],[44.04226,39.37267],[44.05206,39.38828],[44.06548,39.3861],[44.05911,39.40561],[44.06472,39.41027],[44.13649,39.39771],[44.13458,39.38105],[44.14724,39.37686],[44.14962,39.38924],[44.16304,39.38866],[44.17161,39.40056],[44.21501,39.41493],[44.29943,39.37315],[44.31879,39.38797],[44.36339,39.38888],[44.38138,39.41007],[44.42735,39.4164],[44.43049,39.43765],[44.4141,39.47483],[44.43711,39.50098],[44.42204,39.55632],[44.48,39.6104],[44.48948,39.63712],[44.48623,39.69006],[44.617,39.77509],[44.62665,39.74494],[44.6479,39.7241],[44.7118,39.70388],[44.80908,39.63519],[44.81954,39.61353],[44.85821,39.60092],[44.87015,39.61416],[44.88014,39.61188],[44.87395,39.59455],[44.89071,39.59446],[44.89004,39.58075],[44.91288,39.568],[44.90689,39.54106],[44.91707,39.53221],[44.91069,39.52479],[44.93611,39.51137],[44.95029,39.493],[44.93829,39.4871],[44.94876,39.48158],[44.9363,39.47882],[44.94753,39.47082],[44.9402,39.46397],[44.94448,39.4516],[44.97532,39.44941],[44.96133,39.44113],[44.96542,39.42142],[45.01882,39.40477],[45.04261,39.3824],[45.05793,39.38059],[45.05889,39.36432],[45.08598,39.35379],[45.08065,39.33209],[45.09954,39.33117],[45.10807,39.31038],[45.12817,39.30209],[45.11895,39.28777],[45.14065,39.28297],[45.13616,39.27163],[45.14598,39.26409],[45.15192,39.24079],[45.14918,39.20736],[45.17248,39.21277],[45.17012,39.22031],[45.1785,39.22252],[45.18619,39.20348],[45.21977,39.20812],[45.22959,39.1929],[45.28662,39.17851],[45.30314,39.18559],[45.30657,39.20127],[45.33071,39.1833],[45.30539,39.16487],[45.3553,39.16876],[45.36878,39.14865],[45.35713,39.12524],[45.40604,39.09362],[45.41076,39.06849],[45.4381,39.05273],[45.46101,39.05159],[45.44297,39.0123],[45.45559,38.99135]]]}},{"type":"Feature","properties":{"ProvincNam":"اردبیل","ADM1_FA":"اردبیل","Name":"اردبیل"},"geometry":{"type":"Polygon","coordinates":[[[48.04278,39.66097],[48.1426,39.57051],[48.19434,39.50312],[48.36235,39.37726],[48.25464,39.33214],[48.20816,39.32746],[48.19011,39.31067],[48.15345,39.29445],[48.14146,39.28212],[48.14466,39.27561],[48.12912,39.26636],[48.13483,39.2587],[48.12996,39.23949],[48.14605,39.20363],[48.21884,39.16331],[48.23711,39.13011],[48.30124,39.11203],[48.3374,39.03767],[48.33157,39.01375],[48.26424,38.96819],[48.19802,38.95424],[48.16452,38.95729],[48.13672,38.94815],[48.0901,38.94712],[48.0667,38.91046],[48.03522,38.90467],[48.01677,38.90997],[48.00917,38.90008],[48.01544,38.84364],[48.03691,38.82796],[48.04161,38.81337],[48.10308,38.78566],[48.10856,38.76952],[48.17831,38.75749],[48.24364,38.72536],[48.25628,38.70602],[48.24683,38.69216],[48.24866,38.66475],[48.28658,38.64662],[48.31217,38.60277],[48.35648,38.59424],[48.41953,38.61099],[48.44998,38.60688],[48.46354,38.55936],[48.49917,38.54733],[48.5109,38.51779],[48.58232,38.45551],[48.56996,38.43698],[48.56695,38.41442],[48.57165,38.36714],[48.58142,38.35243],[48.63932,38.29249],[48.66838,38.29225],[48.67268,38.23937],[48.68727,38.21958],[48.67039,38.1996],[48.6669,38.17602],[48.68399,38.15411],[48.63412,38.11291],[48.63389,38.08817],[48.61674,38.03349],[48.62157,38.01508],[48.59774,37.96935],[48.60154,37.94224],[48.58327,37.93112],[48.57285,37.90669],[48.59249,37.80207],[48.60974,37.78848],[48.63018,37.79191],[48.65691,37.77866],[48.64355,37.75342],[48.64218,37.72029],[48.60346,37.70488],[48.59889,37.68637],[48.61225,37.67255],[48.61259,37.65097],[48.62424,37.63452],[48.68832,37.58152],[48.67975,37.56188],[48.69574,37.51128],[48.75342,37.43693],[48.82709,37.36977],[48.88431,37.33893],[48.91275,37.31369],[48.91743,37.29359],[48.90053,37.23317],[48.93434,37.17629],[48.91161,37.17287],[48.86958,37.14477],[48.84296,37.15413],[48.79751,37.1378],[48.77558,37.15002],[48.75034,37.18406],[48.66525,37.12924],[48.58073,37.10365],[48.57482,37.11931],[48.55217,37.11836],[48.55103,37.13435],[48.51182,37.14006],[48.49435,37.17086],[48.49828,37.1749],[48.48531,37.17847],[48.4928,37.19596],[48.47995,37.20941],[48.44807,37.20834],[48.42249,37.22404],[48.42844,37.23903],[48.41868,37.24736],[48.40774,37.24474],[48.40036,37.25164],[48.38228,37.24248],[48.35777,37.24843],[48.33897,37.2401],[48.34493,37.25474],[48.33941,37.26235],[48.32332,37.26844],[48.32275,37.27586],[48.30058,37.27986],[48.29877,37.29338],[48.27335,37.30547],[48.27383,37.31384],[48.25908,37.3185],[48.26279,37.32536],[48.24861,37.32307],[48.25061,37.3384],[48.23538,37.34887],[48.23243,37.36248],[48.15571,37.40997],[48.1482,37.43453],[48.15886,37.47583],[48.11403,37.48792],[48.10061,37.5042],[48.06472,37.50791],[48.05159,37.53018],[48.08157,37.5653],[48.07729,37.5832],[48.02132,37.61432],[48.0257,37.65144],[48.06244,37.69827],[48.06863,37.72834],[48.13173,37.74681],[48.14353,37.76651],[48.15162,37.80839],[48.13858,37.82257],[48.11089,37.83056],[48.10432,37.85255],[48.05768,37.84627],[48.05026,37.87168],[48.00562,37.89376],[47.97678,37.87463],[47.93766,37.87244],[47.90901,37.86083],[47.89359,37.86902],[47.8876,37.89091],[47.90375,37.90576],[47.91152,37.92616],[47.93756,37.93789],[47.9368,37.9487],[47.90984,37.9883],[47.86169,38.00041],[47.84099,38.10058],[47.84384,38.15816],[47.82707,38.18648],[47.80137,38.20885],[47.77788,38.25103],[47.77055,38.23377],[47.74223,38.23044],[47.71582,38.20831],[47.69333,38.217],[47.66216,38.21015],[47.61477,38.21757],[47.47752,38.18055],[47.46921,38.19201],[47.47748,38.21089],[47.4726,38.24195],[47.45547,38.24742],[47.39337,38.23885],[47.32258,38.29001],[47.28731,38.30141],[47.29008,38.32976],[47.34255,38.35159],[47.37789,38.39742],[47.42902,38.43276],[47.46207,38.48655],[47.49711,38.58118],[47.56139,38.6129],[47.55657,38.64125],[47.52605,38.66283],[47.48251,38.68418],[47.44862,38.6837],[47.42703,38.69661],[47.42667,38.71325],[47.4134,38.73279],[47.41871,38.74931],[47.43982,38.76451],[47.44235,38.77741],[47.49397,38.80093],[47.53232,38.81432],[47.5819,38.81263],[47.58515,38.82204],[47.54414,38.84918],[47.53474,38.88886],[47.5076,38.89634],[47.50024,38.91238],[47.50989,38.93433],[47.52497,38.94567],[47.51532,38.95833],[47.54511,38.96339],[47.5521,38.97341],[47.49423,38.99276],[47.52331,39.01134],[47.50595,39.02977],[47.52512,39.04653],[47.52109,39.05711],[47.52893,39.07805],[47.51683,39.08917],[47.51157,39.11887],[47.49756,39.12975],[47.52018,39.15488],[47.50792,39.16783],[47.51637,39.18785],[47.51599,39.22014],[47.50304,39.2177],[47.5099,39.23186],[47.50434,39.24587],[47.47784,39.26757],[47.50198,39.29415],[47.44096,39.3071],[47.42497,39.31814],[47.43315,39.33794],[47.35422,39.42204],[47.37455,39.43993],[47.37722,39.46407],[47.40577,39.46178],[47.49132,39.49162],[47.51907,39.49419],[47.66753,39.57837],[47.72833,39.5971],[47.77238,39.63098],[47.78202,39.6504],[47.80024,39.64944],[47.82022,39.66238],[47.85942,39.66613],[47.88994,39.65918],[47.91828,39.66896],[47.94775,39.68324],[47.95917,39.69706],[47.94878,39.7014],[47.95597,39.71122],[47.97174,39.71019],[47.97573,39.69694],[48.04278,39.66097]]]}},{"type":"Feature","properties":{"ProvincNam":"اصفهان","ADM1_FA":"اصفهان","Name":"اصفهان"},"geometry":{"type":"Polygon","coordinates":[[[51.99584,34.43783],[52.16459,34.39757],[52.24739,34.39728],[52.41243,34.4247],[52.49752,34.41984],[52.6191,34.38647],[52.72989,34.34154],[52.81724,34.29559],[52.88434,34.24729],[54.96154,34.24064],[55.49206,34.24635],[55.49948,34.0205],[55.48366,33.99726],[55.50188,33.5241],[55.39491,33.36415],[55.2963,33.3482],[55.22595,33.32033],[55.11109,33.23499],[55.00349,33.12549],[54.9056,33.17991],[54.79568,33.12013],[54.76104,33.06988],[54.74941,33.06578],[54.56152,33.09091],[54.38238,33.06281],[54.30995,33.02901],[54.28775,32.96357],[54.22767,32.89887],[54.16822,32.87015],[54.01032,32.82492],[53.9581,32.8008],[53.84434,32.68495],[53.74767,32.67933],[53.52751,32.69576],[53.43207,32.68681],[53.20177,32.62577],[53.03497,32.52383],[53.01734,32.50685],[53.06113,32.40505],[53.0631,32.1569],[53.0517,31.99933],[53.02842,31.95937],[53.01121,31.85359],[53.05704,31.74356],[53.17135,31.65129],[53.2039,31.60698],[53.20454,31.58634],[53.13042,31.54084],[53.05203,31.51012],[52.94739,31.49232],[52.86202,31.49047],[52.50549,31.52068],[52.44496,31.54386],[52.39596,31.55209],[52.36284,31.56499],[52.25342,31.66524],[52.1854,31.67016],[52.11762,31.64634],[52.0685,31.61094],[52.03384,31.57364],[51.94247,31.41506],[51.97925,31.2104],[51.97634,31.19389],[51.96069,31.13113],[51.91369,31.03988],[51.91059,31.00207],[51.8997,30.97749],[51.84,30.89618],[51.83783,30.8533],[51.86456,30.79779],[51.83623,30.73651],[51.81282,30.7115],[51.78898,30.70322],[51.72947,30.72503],[51.59714,30.82926],[51.49643,30.8938],[51.37936,30.99557],[51.35557,31.0413],[51.32696,31.1317],[51.34106,31.28915],[51.29315,31.36858],[51.29726,31.37823],[51.31755,31.38524],[51.31721,31.39715],[51.29162,31.44863],[51.2598,31.46009],[51.2752,31.50759],[51.29443,31.51558],[51.30452,31.67218],[51.34831,31.6845],[51.37691,31.7083],[51.34045,31.7338],[51.33609,31.76811],[51.29507,31.79005],[51.28945,31.81558],[51.3244,31.83989],[51.40195,31.85106],[51.412,31.86118],[51.43012,31.924],[51.41177,31.95971],[51.43439,31.97182],[51.42929,32.00136],[51.40766,32.03896],[51.3807,32.05096],[51.38956,32.08737],[51.34908,32.13538],[51.23954,32.17109],[51.14412,32.28633],[51.00063,32.36742],[50.98377,32.3863],[50.97647,32.43056],[51.00009,32.47045],[51.00469,32.52105],[50.99049,32.55675],[50.95733,32.57347],[50.93697,32.59589],[50.91729,32.66759],[50.87238,32.70639],[50.83326,32.70856],[50.77384,32.69668],[50.73472,32.71127],[50.71199,32.70445],[50.68444,32.71456],[50.65074,32.71107],[50.60046,32.6886],[50.57873,32.69346],[50.56711,32.67453],[50.56694,32.69409],[50.55318,32.68238],[50.56049,32.69571],[50.55623,32.71916],[50.49896,32.70086],[50.46178,32.66182],[50.46752,32.64503],[50.49996,32.64272],[50.52057,32.62767],[50.49579,32.5887],[50.46535,32.5859],[50.34714,32.53562],[50.29486,32.53873],[50.25523,32.56611],[50.21683,32.61745],[50.16115,32.6592],[50.13673,32.66034],[50.05828,32.62539],[50.00363,32.6253],[49.90623,32.6773],[49.90129,32.69586],[49.84941,32.71724],[49.79953,32.75668],[49.76646,32.7635],[49.73314,32.80639],[49.74667,32.8239],[49.74399,32.84169],[49.75095,32.85594],[49.70515,32.89371],[49.68659,32.89757],[49.63894,32.97268],[49.65051,32.97956],[49.68177,32.9705],[49.70796,32.98187],[49.70112,32.99293],[49.6815,32.99384],[49.6506,33.01044],[49.66285,33.01841],[49.66261,33.04684],[49.68736,33.06909],[49.71877,33.08218],[49.76588,33.06267],[49.82787,33.05018],[49.84904,33.05267],[49.86094,33.06707],[49.90056,33.06053],[49.91936,33.07052],[49.91774,33.09997],[49.87615,33.12745],[49.88832,33.14315],[49.86833,33.18959],[49.88423,33.21691],[49.92125,33.23242],[49.94505,33.22814],[49.93724,33.24689],[50.00181,33.30385],[49.99482,33.32034],[50.02031,33.36658],[50.01008,33.37503],[49.97279,33.37158],[49.94882,33.38646],[49.96007,33.4157],[49.98788,33.41685],[49.98931,33.43975],[49.97355,33.46916],[49.99281,33.49307],[50.084,33.50241],[50.19364,33.52924],[50.2069,33.54191],[50.21066,33.57514],[50.23421,33.60069],[50.24678,33.59941],[50.26077,33.58199],[50.28061,33.58085],[50.30717,33.58656],[50.33216,33.61245],[50.44889,33.63115],[50.51272,33.63436],[50.56876,33.62591],[50.57822,33.62942],[50.58753,33.65205],[50.70127,33.7245],[50.7714,33.72081],[50.82833,33.70184],[50.89923,33.70634],[50.93642,33.72247],[50.97261,33.74681],[50.97475,33.75552],[51.02546,33.78488],[51.05259,33.82676],[51.03593,33.85103],[51.04557,33.87637],[51.04176,33.88886],[51.0527,33.90338],[51.04676,33.92098],[51.05163,33.93609],[51.02855,33.95965],[51.0511,33.9838],[51.05269,34.01781],[51.0264,34.06473],[50.99971,34.08105],[51.0,34.09331],[50.9253,34.15367],[50.94551,34.18215],[51.0019,34.22769],[50.99912,34.24674],[51.01587,34.28881],[51.00695,34.35575],[51.0336,34.39085],[51.13081,34.43137],[51.16905,34.43982],[51.24888,34.44428],[51.31954,34.43773],[51.81553,34.50367],[51.84159,34.50332],[51.99584,34.43783]]]}},{"type":"Feature","properties":{"ProvincNam":"البرز","ADM1_FA":"البرز","Name":"البرز"},"geometry":{"type":"Polygon","coordinates":[[[50.53727,36.34115],[50.59081,36.32839],[50.67143,36.33853],[50.71169,36.32106],[50.77703,36.31493],[50.84341,36.29351],[50.85483,36.29779],[50.89682,36.27853],[50.98842,36.25443],[51.20325,36.16387],[51.25647,36.18321],[51.31487,36.15473],[51.42928,36.15202],[51.44961,36.14509],[51.46126,36.131],[51.46309,36.07694],[51.45692,36.04846],[51.43317,36.02395],[51.40821,35.96945],[51.4237,35.92984],[51.42146,35.89933],[51.41497,35.89028],[51.34571,35.91596],[51.24639,35.93894],[51.1775,35.87721],[51.15552,35.84633],[51.09481,35.80873],[51.09243,35.7926],[51.11541,35.73292],[51.09728,35.71971],[51.07553,35.72152],[51.04517,35.74008],[51.00981,35.70077],[50.96584,35.70852],[50.95181,35.72256],[50.93325,35.70638],[50.93182,35.68687],[50.91088,35.69353],[50.90373,35.7153],[50.71787,35.68045],[50.5764,35.66899],[50.40475,35.64167],[50.37544,35.62511],[50.38429,35.59379],[50.36782,35.58028],[50.36655,35.56873],[50.28295,35.55439],[50.24238,35.53941],[50.242,35.54839],[50.18185,35.59423],[50.17774,35.62134],[50.18444,35.62811],[50.24513,35.63755],[50.25487,35.64768],[50.25961,35.74632],[50.27103,35.78287],[50.38427,35.90029],[50.40159,35.92647],[50.42595,35.99414],[50.44623,36.0036],[50.55193,36.01721],[50.5712,36.02991],[50.60285,36.08883],[50.6295,36.10268],[50.69146,36.11158],[50.68627,36.12352],[50.65396,36.13589],[50.61651,36.16312],[50.54784,36.18572],[50.51429,36.21446],[50.44914,36.24487],[50.42725,36.29137],[50.42805,36.3056],[50.44628,36.32877],[50.48388,36.34124],[50.53727,36.34115]]]}},{"type":"Feature","properties":{"ProvincNam":"ایلام","ADM1_FA":"ایلام","Name":"ایلام"},"geometry":{"type":"Polygon","coordinates":[[[46.07227,34.03502],[46.19197,33.97349],[46.27436,33.95377],[46.28464,33.95979],[46.2873,33.99379],[46.29397,33.99778],[46.49965,33.90223],[46.61519,33.83836],[46.67068,33.79563],[46.70135,33.75609],[46.74077,33.74549],[46.76795,33.77335],[46.86309,33.73452],[46.90541,33.74766],[46.92528,33.77084],[46.96703,33.74497],[46.98227,33.74314],[46.99946,33.78049],[46.99889,33.81413],[47.0339,33.81596],[47.05155,33.83583],[47.09752,33.82675],[47.11059,33.84171],[47.13766,33.81613],[47.18855,33.8163],[47.21327,33.80379],[47.30373,33.79077],[47.31561,33.81944],[47.34233,33.81516],[47.36493,33.85037],[47.38846,33.85959],[47.38298,33.88182],[47.31666,33.94844],[47.31886,33.96162],[47.35648,33.954],[47.39348,33.93169],[47.42219,33.95248],[47.485,33.94008],[47.48313,33.92438],[47.50769,33.90617],[47.50015,33.89709],[47.50746,33.88744],[47.50323,33.86848],[47.51655,33.83337],[47.50764,33.82378],[47.48548,33.82797],[47.45944,33.80627],[47.45426,33.78594],[47.44398,33.78518],[47.45129,33.77436],[47.42921,33.76782],[47.4133,33.73637],[47.35094,33.73469],[47.30721,33.72379],[47.28169,33.73001],[47.26153,33.74663],[47.24919,33.74286],[47.24394,33.72738],[47.23674,33.73195],[47.20785,33.71939],[47.20134,33.7279],[47.1822,33.72413],[47.1593,33.70466],[47.11162,33.70888],[47.08981,33.69917],[47.06856,33.71185],[47.06337,33.69792],[47.07336,33.68849],[47.02375,33.62731],[47.0396,33.58482],[47.00633,33.59333],[46.99824,33.58306],[46.97278,33.60818],[46.93942,33.62194],[46.9103,33.6147],[46.8836,33.61989],[46.84815,33.61023],[46.86753,33.58059],[46.84309,33.57345],[46.84115,33.54929],[46.8637,33.53068],[46.86382,33.51971],[46.90962,33.49676],[46.92041,33.47848],[46.9665,33.46186],[46.98985,33.4425],[46.99813,33.4465],[47.0007,33.43559],[47.01544,33.43594],[47.02954,33.42092],[47.02737,33.40847],[47.01235,33.40133],[47.01475,33.38437],[47.0285,33.38624],[47.08647,33.35026],[47.10937,33.34775],[47.11673,33.3321],[47.14614,33.34095],[47.15574,33.33707],[47.16739,33.32194],[47.18526,33.31508],[47.18549,33.30441],[47.20188,33.29904],[47.21005,33.30469],[47.20485,33.28071],[47.23232,33.2746],[47.24163,33.24958],[47.25457,33.24518],[47.2615,33.25447],[47.27995,33.23376],[47.29525,33.24061],[47.30667,33.22959],[47.31815,33.23302],[47.31992,33.22177],[47.33957,33.22725],[47.34231,33.21737],[47.35761,33.22011],[47.36692,33.20258],[47.38114,33.21263],[47.3997,33.19818],[47.40656,33.20218],[47.4302,33.18179],[47.42523,33.179],[47.44447,33.17106],[47.44664,33.15341],[47.4869,33.14365],[47.50061,33.1304],[47.49359,33.1264],[47.50341,33.11344],[47.521,33.10167],[47.53402,33.10499],[47.54293,33.08386],[47.5568,33.08174],[47.56172,33.08928],[47.60392,33.04748],[47.6138,33.04931],[47.63921,33.03389],[47.65389,33.03577],[47.70722,33.00311],[47.72567,33.00459],[47.74434,32.99334],[47.75137,32.99768],[47.77421,32.97918],[47.81274,32.97111],[47.84685,32.93707],[47.86848,32.94057],[47.89117,32.91309],[47.9351,32.89938],[47.94393,32.88331],[47.96335,32.87562],[47.98193,32.84425],[47.99289,32.84555],[48.00881,32.78928],[48.00568,32.77138],[47.93639,32.7605],[47.92231,32.73232],[47.9083,32.72494],[47.94957,32.69189],[47.952,32.67415],[47.96685,32.65801],[47.95543,32.63532],[47.98886,32.61324],[47.91462,32.60364],[47.93289,32.58301],[47.90959,32.58027],[47.90076,32.5674],[47.91401,32.56374],[47.91759,32.55453],[47.9434,32.56352],[47.93289,32.53542],[47.94233,32.53321],[47.9504,32.54174],[47.95573,32.53671],[47.94172,32.51775],[47.98056,32.5275],[47.98383,32.53694],[47.99845,32.53618],[48.01459,32.52217],[48.02556,32.41732],[48.04307,32.36349],[48.0018,32.34559],[47.98444,32.32884],[47.97858,32.27136],[47.83303,32.13241],[47.66298,32.046],[47.64249,32.05777],[47.64673,32.07542],[47.63907,32.08684],[47.59229,32.12371],[47.55703,32.11845],[47.52758,32.14088],[47.53232,32.15344],[47.52387,32.17091],[47.56253,32.19039],[47.55956,32.20215],[47.56847,32.21346],[47.56231,32.22836],[47.53666,32.2327],[47.50006,32.27531],[47.508,32.28958],[47.51879,32.2909],[47.51702,32.30534],[47.49583,32.30346],[47.45837,32.31585],[47.45232,32.34155],[47.43244,32.35457],[47.44706,32.3596],[47.46157,32.39072],[47.42571,32.41767],[47.37905,32.47295],[47.32908,32.47512],[47.27985,32.49842],[47.27426,32.48392],[47.23959,32.4625],[47.16107,32.45862],[47.06565,32.51053],[46.99181,32.57283],[46.88724,32.63085],[46.83847,32.66678],[46.82517,32.6915],[46.78708,32.71463],[46.78205,32.72919],[46.72363,32.78293],[46.62084,32.82405],[46.51987,32.89921],[46.46911,32.90762],[46.45449,32.93102],[46.2737,32.96036],[46.19664,32.94703],[46.10008,32.96971],[46.08186,33.00361],[46.08905,33.02981],[46.12286,33.04222],[46.15583,33.08017],[46.03932,33.11353],[46.04122,33.14178],[46.11615,33.13139],[46.16267,33.16782],[46.19454,33.20917],[46.17447,33.21097],[46.17402,33.2367],[46.12248,33.25948],[46.09638,33.28358],[46.07765,33.3645],[45.93077,33.43966],[45.89104,33.49743],[45.86116,33.50138],[45.75351,33.59523],[45.75537,33.62459],[45.74152,33.64862],[45.67315,33.68557],[45.68496,33.69989],[45.70685,33.70227],[45.71767,33.71163],[45.76295,33.70999],[45.76117,33.71766],[45.79018,33.73598],[45.84897,33.80844],[45.84395,33.84065],[45.85277,33.84928],[45.87246,33.85687],[45.90827,33.84289],[45.93427,33.84613],[45.93016,33.86646],[45.94357,33.88054],[45.84682,33.93002],[45.83981,33.95438],[45.86303,33.99047],[45.91664,33.96931],[45.96803,33.97189],[46.01479,33.98986],[46.05324,34.03738],[46.07227,34.03502]]]}},{"type":"Feature","properties":{"ProvincNam":"بوشهر","ADM1_FA":"بوشهر","Name":"بوشهر"},"geometry":{"type":"MultiPolygon","coordinates":[[[[50.39771,30.19325],[50.56328,30.15277],[50.58689,30.13159],[50.58482,30.11506],[50.55245,30.08153],[50.54057,30.02719],[50.53835,29.96837],[50.57671,29.93002],[50.60631,29.9441],[50.64886,29.9362],[50.67172,29.90613],[50.71702,29.87122],[50.6761,29.86144],[50.66764,29.84084],[50.64766,29.83048],[50.65569,29.8127],[50.734,29.78952],[50.83897,29.7744],[50.92337,29.78198],[51.03796,29.77727],[51.16556,29.71796],[51.27543,29.70303],[51.30155,29.68268],[51.27293,29.6063],[51.29679,29.53379],[51.32915,29.49447],[51.37025,29.46377],[51.38251,29.47234],[51.39244,29.46205],[51.416,29.46335],[51.43057,29.47674],[51.45092,29.46431],[51.4878,29.46187],[51.49268,29.4489],[51.51814,29.45241],[51.52408,29.44039],[51.55924,29.42261],[51.55781,29.4122],[51.59214,29.39257],[51.64068,29.28739],[51.75162,29.15587],[51.81783,29.10138],[51.82503,29.07425],[51.80308,29.04356],[51.86379,28.9895],[51.88974,28.94774],[51.91222,28.88323],[51.96074,28.82471],[52.0278,28.57327],[52.05221,28.43574],[52.11084,28.28988],[52.11541,28.22273],[52.13906,28.174],[52.25032,28.05517],[52.31067,28.02923],[52.35569,28.02219],[52.38703,27.99557],[52.39236,27.96599],[52.44151,27.89095],[52.46119,27.83925],[52.49824,27.78941],[52.50954,27.73672],[52.53688,27.66964],[52.58523,27.59449],[52.62037,27.56639],[52.76599,27.496],[52.78533,27.47342],[52.88226,27.40306],[52.91097,27.35848],[52.939,27.33575],[52.87811,27.29761],[52.85755,27.29706],[52.83571,27.32429],[52.82351,27.32653],[52.81758,27.31913],[52.80949,27.32443],[52.75352,27.29711],[52.73075,27.27412],[52.69208,27.29086],[52.68102,27.3079],[52.65754,27.31704],[52.63013,27.34765],[52.61756,27.34646],[52.57434,27.38054],[52.57863,27.39129],[52.60731,27.39949],[52.63605,27.4031],[52.66082,27.39491],[52.67475,27.42044],[52.67172,27.4475],[52.61582,27.46024],[52.57978,27.49433],[52.56471,27.5246],[52.50434,27.5953],[52.47111,27.62174],[52.45546,27.62071],[52.4345,27.64252],[52.35187,27.64835],[52.34107,27.66177],[52.26438,27.67639],[52.19791,27.70083],[52.04395,27.83781],[51.96567,27.83994],[51.90712,27.83119],[51.80303,27.84558],[51.71707,27.82677],[51.71029,27.8321],[51.70412,27.82517],[51.66095,27.84253],[51.60803,27.85007],[51.58404,27.84512],[51.58922,27.85845],[51.54696,27.88936],[51.51376,27.89538],[51.50493,27.87992],[51.49867,27.88115],[51.48251,27.89874],[51.49014,27.91087],[51.46936,27.91712],[51.44229,27.9511],[51.43471,27.94629],[51.42998,27.95299],[51.42587,27.92036],[51.39588,27.93212],[51.39932,27.92568],[51.39243,27.93108],[51.37448,27.9981],[51.32382,28.00105],[51.29943,28.0158],[51.25625,28.12252],[51.25767,28.15417],[51.28039,28.20352],[51.27906,28.22989],[51.21857,28.29357],[51.19358,28.33154],[51.16704,28.3531],[51.09006,28.49299],[51.07951,28.51816],[51.08522,28.5326],[51.0732,28.55444],[51.07311,28.61671],[51.05858,28.72973],[51.03405,28.77373],[51.03869,28.78088],[51.02758,28.82162],[50.99506,28.85383],[50.98708,28.8471],[50.99872,28.83125],[50.94619,28.84071],[50.98344,28.81902],[50.98054,28.81229],[50.94037,28.82233],[50.8897,28.82033],[50.85249,28.85799],[50.80636,28.92255],[50.81071,28.96314],[50.83504,28.99712],[50.85086,28.9786],[50.87199,28.96936],[50.88776,28.92902],[50.90699,28.9294],[50.92355,28.94292],[50.92298,28.97394],[50.93954,28.98213],[50.93503,29.06802],[50.9127,29.07356],[50.91167,29.08686],[50.89791,29.10234],[50.85834,29.10508],[50.85971,29.12364],[50.83161,29.13638],[50.80071,29.13026],[50.78821,29.13723],[50.78392,29.13084],[50.75229,29.13398],[50.74741,29.12448],[50.70668,29.1201],[50.70335,29.1083],[50.67481,29.13049],[50.65589,29.16404],[50.67219,29.18903],[50.66342,29.21653],[50.6764,29.29039],[50.67189,29.39261],[50.65664,29.43681],[50.64562,29.45109],[50.64453,29.44407],[50.60439,29.46622],[50.52158,29.55805],[50.5105,29.55868],[50.49977,29.5918],[50.46796,29.62527],[50.41633,29.65256],[50.36722,29.69465],[50.32559,29.73657],[50.24964,29.84496],[50.15341,29.92953],[50.14045,29.94975],[50.14393,29.98824],[50.15325,30.01679],[50.16593,30.01657],[50.1657,30.03964],[50.1327,30.12381],[50.11545,30.14003],[50.12162,30.14471],[50.11283,30.15387],[50.14486,30.18512],[50.21122,30.29037],[50.30071,30.2355],[50.39771,30.19325]]],[[[50.29906,29.27341],[50.34232,29.25874],[50.33357,29.24151],[50.33642,29.21448],[50.31625,29.2082],[50.28864,29.26902],[50.29906,29.27341]]],[[[51.45777,27.84407],[51.44614,27.84919],[51.40534,27.91815],[51.46313,27.86363],[51.45777,27.84407]]],[[[50.33849,29.29918],[50.35112,29.335],[50.36283,29.33929],[50.34634,29.30118],[50.33849,29.29918]]],[[[51.54614,27.84106],[51.5631,27.84099],[51.56696,27.83952],[51.55405,27.83357],[51.54614,27.84106]]],[[[51.44935,27.91461],[51.4507,27.90708],[51.44086,27.91634],[51.44935,27.91461]]],[[[51.47348,27.82029],[51.46712,27.82481],[51.47574,27.82861],[51.47348,27.82029]]]]}},{"type":"Feature","properties":{"ProvincNam":"تهران","ADM1_FA":"تهران","Name":"تهران"},"geometry":{"type":"Polygon","coordinates":[[[51.82942,35.93697],[51.89076,35.85369],[51.91969,35.83256],[51.97237,35.81315],[52.00597,35.78807],[52.09067,35.76384],[52.19832,35.76532],[52.24803,35.77467],[52.28686,35.81611],[52.39043,35.85526],[52.45489,35.92041],[52.48646,35.9343],[52.52025,35.93842],[52.61057,35.94092],[52.68267,35.93315],[52.76932,35.90399],[52.92131,35.8367],[52.97665,35.8303],[53.02088,35.85135],[53.026,35.82708],[53.04151,35.81908],[53.14397,35.81565],[53.16134,35.80009],[53.11276,35.77168],[53.08701,35.74004],[53.02595,35.71115],[52.99573,35.67084],[52.91578,35.64843],[52.79858,35.5436],[52.77645,35.54013],[52.74898,35.556],[52.72322,35.5576],[52.67417,35.54064],[52.59884,35.45024],[52.56178,35.41706],[52.51553,35.39216],[52.44126,35.37142],[52.39334,35.33702],[52.37954,35.34163],[52.27813,35.43481],[52.16015,35.45923],[52.09758,35.48059],[52.05108,35.48483],[52.0369,35.49639],[52.00539,35.56478],[51.98184,35.57748],[51.95338,35.57082],[51.93025,35.54917],[51.92792,35.50767],[51.93706,35.48254],[51.91355,35.42763],[51.9154,35.41868],[51.93363,35.41249],[51.93396,35.3817],[51.94619,35.37361],[51.93787,35.36238],[51.9293,35.36443],[51.92207,35.3531],[51.92587,35.34087],[51.88785,35.29866],[51.88423,35.27291],[51.96123,35.15456],[52.01178,35.11998],[52.04105,35.08029],[52.03584,34.99992],[52.01897,34.94094],[51.96867,34.86242],[51.76398,34.97949],[51.73822,35.00138],[51.70034,35.01097],[51.64451,35.00504],[51.6102,35.01262],[51.59211,35.03135],[51.58864,35.04775],[51.49055,35.10842],[51.45451,35.10828],[51.26459,35.16443],[51.13969,35.1812],[51.08952,35.17293],[51.01049,35.13789],[50.94055,35.1402],[50.89363,35.15686],[50.86876,35.17045],[50.91124,35.22715],[50.98023,35.41058],[50.98354,35.43559],[50.96743,35.45352],[50.89327,35.48522],[50.78343,35.4863],[50.64242,35.54426],[50.36655,35.56873],[50.36782,35.58028],[50.38429,35.59379],[50.37544,35.62511],[50.40475,35.64167],[50.5764,35.66899],[50.71787,35.68045],[50.90373,35.7153],[50.91088,35.69353],[50.93182,35.68687],[50.93325,35.70638],[50.95181,35.72256],[50.96584,35.70852],[51.00981,35.70077],[51.04517,35.74008],[51.07553,35.72152],[51.09728,35.71971],[51.11541,35.73292],[51.09243,35.7926],[51.09481,35.80873],[51.15552,35.84633],[51.1775,35.87721],[51.24639,35.93894],[51.34571,35.91596],[51.41497,35.89028],[51.4247,35.92011],[51.40821,35.96945],[51.41954,36.00126],[51.45875,36.05395],[51.45982,36.13725],[51.49599,36.11631],[51.56764,36.09849],[51.71611,36.03179],[51.76195,36.00247],[51.82942,35.93697]]]}},{"type":"Feature","properties":{"ProvincNam":"چهارمحال و بختیاری","ADM1_FA":"چهارمحال و بختیاری","Name":"چهارمحال و بختیاری"},"geometry":{"type":"Polygon","coordinates":[[[49.72891,32.80959],[49.76872,32.76224],[49.79953,32.75668],[49.84941,32.71724],[49.8987,32.69748],[49.90623,32.6773],[50.00363,32.6253],[50.05828,32.62539],[50.13673,32.66034],[50.16115,32.6592],[50.22979,32.60555],[50.25854,32.56317],[50.29058,32.54016],[50.32656,32.5345],[50.35553,32.53787],[50.46535,32.5859],[50.49579,32.5887],[50.52094,32.62222],[50.51903,32.63093],[50.49996,32.64272],[50.46752,32.64503],[50.46098,32.65891],[50.4828,32.68989],[50.52454,32.71208],[50.55623,32.71916],[50.56049,32.69571],[50.55318,32.68238],[50.56694,32.69409],[50.56711,32.67453],[50.57873,32.69346],[50.60046,32.6886],[50.65074,32.71107],[50.68444,32.71456],[50.71199,32.70445],[50.73472,32.71127],[50.77036,32.69685],[50.8394,32.70916],[50.88683,32.69917],[50.89733,32.67981],[50.92183,32.66059],[50.92634,32.6209],[50.94102,32.58995],[50.99849,32.54716],[51.0064,32.51032],[51.00078,32.47315],[50.98193,32.44764],[50.9757,32.42377],[50.98377,32.3863],[51.00063,32.36742],[51.14412,32.28633],[51.23954,32.17109],[51.34908,32.13538],[51.38956,32.08737],[51.3807,32.05096],[51.40766,32.03896],[51.42929,32.00136],[51.43439,31.97182],[51.41177,31.95971],[51.43012,31.924],[51.412,31.86118],[51.40195,31.85106],[51.3244,31.83989],[51.29735,31.82545],[51.28785,31.80855],[51.3006,31.78456],[51.33609,31.76811],[51.34045,31.7338],[51.37691,31.7083],[51.34831,31.6845],[51.30452,31.67218],[51.29443,31.51558],[51.2752,31.50759],[51.2598,31.46009],[51.29162,31.44863],[51.31721,31.39715],[51.31755,31.38524],[51.29726,31.37823],[51.29315,31.36858],[51.33981,31.29497],[51.33307,31.19515],[51.30344,31.20634],[51.25707,31.2076],[51.23028,31.2273],[51.1822,31.20766],[51.1866,31.18813],[51.16621,31.1654],[51.16615,31.1516],[51.12692,31.16267],[51.07352,31.1966],[51.05704,31.18291],[51.03682,31.18125],[51.0007,31.20913],[50.9808,31.23509],[50.97571,31.26084],[50.93364,31.29942],[50.89985,31.3058],[50.86973,31.28943],[50.83708,31.30014],[50.8299,31.30932],[50.79858,31.31308],[50.73776,31.36519],[50.73343,31.37985],[50.68605,31.41291],[50.65498,31.41739],[50.64698,31.42695],[50.64227,31.41748],[50.61291,31.4201],[50.58507,31.4082],[50.55056,31.43884],[50.53763,31.43765],[50.51337,31.45076],[50.49848,31.44597],[50.47846,31.424],[50.37361,31.41847],[50.29731,31.48055],[50.38217,31.53828],[50.36344,31.55199],[50.37412,31.56912],[50.38611,31.57192],[50.39891,31.59887],[50.43072,31.59053],[50.44625,31.61366],[50.37863,31.65467],[50.39459,31.7218],[50.3721,31.76518],[50.28724,31.84839],[50.28354,31.85659],[50.29308,31.86636],[50.25339,31.90388],[50.23928,31.9386],[50.05272,32.07782],[49.94149,32.18356],[49.92896,32.28445],[49.91849,32.30756],[49.86447,32.35484],[49.81589,32.38419],[49.79544,32.42866],[49.75806,32.46939],[49.63796,32.5592],[49.52763,32.67013],[49.50098,32.71115],[49.50025,32.71679],[49.54377,32.7373],[49.57752,32.73832],[49.58257,32.77316],[49.59402,32.79121],[49.66529,32.78104],[49.72891,32.80959]]]}},{"type":"Feature","properties":{"ProvincNam":"خراسان جنوبی","ADM1_FA":"خراسان جنوبی","Name":"خراسان جنوبی"},"geometry":{"type":"Polygon","coordinates":[[[57.47807,35.06578],[57.52445,35.06822],[57.56,35.05939],[57.5805,34.99841],[57.6761,34.92993],[57.70294,34.91889],[57.79069,34.81324],[57.73264,34.78545],[57.68562,34.7489],[57.59425,34.64439],[57.56052,34.59447],[57.65075,34.50948],[57.70291,34.42591],[57.76678,34.37442],[57.78001,34.34016],[57.82226,34.32778],[57.89013,34.33102],[57.9381,34.31703],[57.96874,34.30151],[58.04879,34.23774],[58.08067,34.23203],[58.17452,34.23536],[58.20717,34.24403],[58.27541,34.32198],[58.34023,34.31094],[58.35384,34.30342],[58.38172,34.2406],[58.45358,34.19206],[58.48375,34.12439],[58.53279,34.08435],[58.63599,34.02019],[58.64863,34.02901],[58.6769,34.08202],[58.71416,34.10306],[58.79545,34.08811],[58.83537,34.11448],[58.86393,34.11852],[58.92489,34.11143],[58.98799,34.09263],[59.05029,34.1169],[59.18849,34.11922],[59.26948,34.14789],[59.31767,34.11387],[59.35341,34.10213],[59.55035,34.10291],[59.60046,34.0271],[59.62295,34.01727],[59.71643,34.00192],[60.0,34.00402],[60.03421,33.95708],[60.06514,33.94784],[60.08932,33.92824],[60.14444,33.85556],[60.21236,33.88716],[60.25317,33.92767],[60.33305,33.98013],[60.50854,33.99809],[60.56974,33.82285],[60.54906,33.72839],[60.63703,33.57182],[60.66644,33.53574],[60.70803,33.52879],[60.90686,33.5366],[60.94845,33.509],[60.93484,33.49539],[60.8864,33.50348],[60.85508,33.48987],[60.86955,33.45598],[60.87155,33.42124],[60.83262,33.40183],[60.63941,33.22708],[60.58773,33.13066],[60.64198,33.00665],[60.6395,32.98704],[60.71565,32.69122],[60.81996,32.47974],[60.86679,32.26168],[60.88811,32.20106],[60.85191,32.06933],[60.83178,32.02879],[60.83512,31.97914],[60.81885,31.88965],[60.81873,31.70674],[60.86465,31.48254],[60.85911,31.45507],[60.83998,31.41401],[60.81205,31.38192],[60.70401,31.30431],[60.65701,31.28723],[60.38164,31.2231],[60.26531,31.14109],[60.25,31.12122],[60.28347,31.04436],[60.30157,31.02968],[60.29843,31.02071],[60.25066,30.99814],[60.23512,30.96598],[60.20621,30.94428],[60.14846,30.93437],[59.99908,30.93223],[59.97362,30.92024],[59.95249,30.87907],[59.9484,30.79536],[59.93902,30.75791],[59.83756,30.68696],[59.46894,30.51759],[59.3391,30.65115],[59.20363,30.80972],[59.07929,30.91198],[59.07609,30.98553],[59.05981,31.01381],[58.96096,31.05784],[58.77353,31.16852],[58.60233,31.29387],[58.4868,31.4038],[58.31827,31.52607],[58.1088,31.63778],[57.93519,31.70328],[57.70836,31.75591],[57.53742,31.8143],[57.46171,31.83315],[57.32846,31.84928],[57.22714,31.88417],[57.08142,31.91024],[56.96146,31.95247],[56.83286,31.95938],[56.66708,31.93899],[56.60609,31.92186],[56.59956,31.95538],[56.60336,31.98914],[56.61707,32.00078],[56.66869,32.08815],[56.56693,32.21699],[56.3714,32.40508],[56.24245,32.56649],[56.19385,32.61332],[55.99238,32.7333],[55.85132,32.76294],[55.8025,32.79469],[55.67755,32.95059],[55.66852,32.98954],[55.61372,33.06292],[55.49802,33.2709],[55.39491,33.36415],[55.50188,33.5241],[55.48366,33.99726],[55.49948,34.0205],[55.49206,34.24635],[55.50938,34.23995],[55.9247,34.24488],[56.00634,34.38304],[56.08918,34.49026],[56.17127,34.62262],[56.23634,34.70828],[56.34956,34.68591],[56.45298,34.6847],[56.51494,34.69555],[56.67129,34.74862],[56.74698,34.787],[56.80218,34.84925],[56.85044,34.91939],[56.84606,34.93329],[56.82312,34.93986],[56.83825,34.9528],[56.90079,34.98145],[56.95342,34.98421],[57.02123,35.00283],[57.13629,35.06327],[57.23933,35.08942],[57.29535,35.09491],[57.47807,35.06578]]]}},{"type":"Feature","properties":{"ProvincNam":"خراسان رضوی","ADM1_FA":"خراسان رضوی","Name":"خراسان رضوی"},"geometry":{"type":"Polygon","coordinates":[[[58.72711,37.63831],[58.75328,37.66229],[58.78298,37.65144],[58.8022,37.65553],[58.81429,37.68209],[58.80449,37.69817],[58.81933,37.70074],[58.89119,37.65848],[58.92822,37.65668],[59.01769,37.62194],[59.04748,37.6187],[59.12672,37.56559],[59.1466,37.56125],[59.19548,37.52681],[59.20347,37.51282],[59.22369,37.51625],[59.25196,37.50089],[59.31586,37.52522],[59.34053,37.52333],[59.37674,37.47947],[59.37137,37.45138],[59.39423,37.43255],[59.36848,37.41651],[59.36463,37.40604],[59.38081,37.33794],[59.40237,37.30587],[59.42426,37.30177],[59.42654,37.27969],[59.43944,37.27665],[59.47009,37.24714],[59.48156,37.22787],[59.47018,37.21131],[59.52915,37.1829],[59.56017,37.20008],[59.58911,37.19151],[59.60557,37.16748],[59.60015,37.13569],[59.61495,37.1217],[59.63822,37.12051],[59.64526,37.13969],[59.6544,37.14402],[59.70899,37.13302],[59.73649,37.11199],[59.76,37.12574],[59.83248,37.09752],[59.89501,37.05184],[59.93644,37.04022],[59.97742,37.04501],[60.02493,37.02981],[60.08632,36.97829],[60.09537,36.93398],[60.13595,36.8956],[60.16808,36.84596],[60.20638,36.82121],[60.21659,36.79943],[60.25138,36.76783],[60.31055,36.66931],[60.34816,36.62941],[60.66796,36.61943],[61.12878,36.64608],[61.15581,36.62392],[61.1783,36.56564],[61.17213,36.52635],[61.1518,36.50505],[61.1514,36.48563],[61.16814,36.46124],[61.15414,36.45182],[61.16231,36.41476],[61.13753,36.39386],[61.14649,36.37381],[61.14352,36.33898],[61.15843,36.32419],[61.14546,36.31648],[61.15928,36.31042],[61.15192,36.30289],[61.17705,36.27728],[61.18834,36.22439],[61.19989,36.22035],[61.20146,36.2038],[61.22626,36.18054],[61.21371,36.12731],[61.23297,36.12154],[61.22338,36.10814],[61.20761,36.10372],[61.20563,36.09055],[61.1827,36.06456],[61.17799,36.04319],[61.16466,36.03296],[61.17428,36.0125],[61.16742,36.00498],[61.16961,35.99008],[61.11779,35.96015],[61.14634,35.94777],[61.19288,35.94316],[61.23571,35.91128],[61.22881,35.88867],[61.24622,35.88867],[61.23809,35.87239],[61.24546,35.85241],[61.2575,35.84579],[61.26012,35.81034],[61.27173,35.79844],[61.26141,35.79806],[61.25222,35.78659],[61.24913,35.76641],[61.26007,35.7577],[61.24832,35.73653],[61.25574,35.72396],[61.22481,35.6917],[61.22438,35.67956],[61.23399,35.64597],[61.23947,35.65077],[61.25284,35.64487],[61.25807,35.62517],[61.27644,35.61527],[61.28296,35.60256],[61.27749,35.59029],[61.28439,35.58086],[61.27625,35.56744],[61.29053,35.54841],[61.28996,35.52904],[61.24399,35.46446],[61.24389,35.44828],[61.23171,35.4439],[61.23961,35.43262],[61.23637,35.42215],[61.19778,35.39893],[61.20292,35.38494],[61.21106,35.38732],[61.20316,35.38047],[61.21125,35.37361],[61.1954,35.37061],[61.18536,35.34387],[61.20187,35.31888],[61.20068,35.29295],[61.17784,35.28928],[61.16875,35.27582],[61.1628,35.28467],[61.13168,35.27715],[61.11726,35.28196],[61.10208,35.26359],[61.11427,35.23298],[61.11031,35.21832],[61.12831,35.20747],[61.11739,35.20298],[61.12119,35.19411],[61.1127,35.19388],[61.11316,35.18665],[61.10532,35.18863],[61.09793,35.17077],[61.13597,35.15372],[61.12207,35.152],[61.14316,35.12886],[61.15755,35.13335],[61.14358,35.10978],[61.15359,35.10354],[61.14354,35.08839],[61.15858,35.08138],[61.14746,35.08237],[61.1464,35.07118],[61.13585,35.07198],[61.1389,35.06018],[61.12428,35.06136],[61.13144,35.05645],[61.12512,35.02846],[61.11716,35.02431],[61.12474,35.025],[61.12203,35.01993],[61.13517,35.01118],[61.1255,35.00878],[61.12671,35.00059],[61.10673,34.99858],[61.10868,34.98858],[61.09893,34.98463],[61.10649,34.98011],[61.09236,34.97488],[61.09845,34.9636],[61.08779,34.9469],[61.08018,34.94785],[61.08489,34.93881],[61.06453,34.92998],[61.07138,34.91506],[61.05866,34.90173],[61.07991,34.87196],[61.06712,34.86602],[61.07488,34.86275],[61.07153,34.84569],[61.07831,34.83717],[61.06582,34.83534],[61.06757,34.81562],[61.0758,34.81417],[61.00635,34.70932],[61.00514,34.63965],[60.99044,34.62214],[60.92816,34.62244],[60.90265,34.56579],[60.85925,34.54249],[60.8345,34.54668],[60.83123,34.53929],[60.82514,34.54478],[60.74549,34.52254],[60.74747,34.5128],[60.80717,34.47404],[60.8294,34.42835],[60.85909,34.4078],[60.85376,34.39044],[60.86077,34.36691],[60.91613,34.32313],[60.92877,34.29678],[60.84371,34.30988],[60.69204,34.31292],[60.67734,34.27797],[60.598,34.21508],[60.55452,34.14571],[60.47926,34.08445],[60.50854,33.99809],[60.33305,33.98013],[60.25317,33.92767],[60.21236,33.88716],[60.14444,33.85556],[60.08932,33.92824],[60.06514,33.94784],[60.03421,33.95708],[60.0,34.00402],[59.71643,34.00192],[59.62295,34.01727],[59.60046,34.0271],[59.55035,34.10291],[59.35341,34.10213],[59.31767,34.11387],[59.26948,34.14789],[59.18849,34.11922],[59.05029,34.1169],[58.98799,34.09263],[58.92489,34.11143],[58.86393,34.11852],[58.83537,34.11448],[58.79545,34.08811],[58.71416,34.10306],[58.6769,34.08202],[58.64863,34.02901],[58.63151,34.02095],[58.48375,34.12439],[58.45358,34.19206],[58.38172,34.2406],[58.35384,34.30342],[58.34023,34.31094],[58.27541,34.32198],[58.20717,34.24403],[58.17452,34.23536],[58.08067,34.23203],[58.04879,34.23774],[57.96874,34.30151],[57.9381,34.31703],[57.89013,34.33102],[57.82226,34.32778],[57.78001,34.34016],[57.76678,34.37442],[57.70291,34.42591],[57.65075,34.50948],[57.56052,34.59447],[57.59425,34.64439],[57.68562,34.7489],[57.73264,34.78545],[57.79069,34.81324],[57.70294,34.91889],[57.6761,34.92993],[57.5805,34.99841],[57.56358,35.05616],[57.52445,35.06822],[57.47807,35.06578],[57.29535,35.09491],[57.23933,35.08942],[57.13629,35.06327],[57.02123,35.00283],[56.95342,34.98421],[56.90079,34.98145],[56.83825,34.9528],[56.82312,34.93986],[56.84606,34.93329],[56.85044,34.91939],[56.80218,34.84925],[56.74698,34.787],[56.67129,34.74862],[56.51494,34.69555],[56.45298,34.6847],[56.34956,34.68591],[56.23634,34.70828],[56.41714,34.94595],[56.4923,35.01117],[56.52133,35.02986],[56.57187,35.04488],[56.63697,35.0579],[56.71869,35.06019],[56.74947,35.084],[56.79356,35.1439],[56.86523,35.19484],[56.91228,35.19861],[56.95203,35.21517],[56.99755,35.20638],[57.02502,35.24232],[57.0545,35.31872],[57.02413,35.3486],[56.9993,35.42395],[57.00188,35.47392],[57.04715,35.52509],[57.04783,35.5403],[57.01361,35.58625],[56.9729,35.61355],[56.92247,35.68579],[56.74556,35.82285],[56.72334,35.86625],[56.71757,35.99286],[56.73342,36.01927],[56.74824,36.11343],[56.78193,36.19178],[56.81411,36.23914],[56.78461,36.26454],[56.76396,36.30558],[56.74035,36.31938],[56.74029,36.34044],[56.71465,36.35936],[56.71007,36.38726],[56.77562,36.4189],[56.82232,36.46102],[56.84683,36.49856],[56.87033,36.51706],[56.87568,36.54668],[56.86955,36.57077],[56.85397,36.58927],[56.77687,36.61384],[56.75962,36.6534],[56.77937,36.68725],[56.77152,36.69926],[56.71614,36.6932],[56.68366,36.69825],[56.61364,36.665],[56.53525,36.66517],[56.54838,36.68445],[56.65225,36.76886],[56.68503,36.78421],[56.82577,36.83013],[57.03336,36.86912],[57.33582,36.80987],[57.55949,36.74655],[57.70372,36.65859],[57.8793,36.60026],[57.9922,36.57682],[58.02879,36.57789],[58.08179,36.5933],[58.1063,36.61745],[58.11278,36.6419],[58.09095,36.72815],[58.11707,36.76438],[58.09815,36.79847],[58.10327,36.8683],[58.13807,36.85908],[58.1693,36.88139],[58.27334,36.91786],[58.29808,36.94248],[58.31546,36.99564],[58.30468,37.01318],[58.26699,37.02574],[58.26687,37.0503],[58.17562,37.08068],[58.22107,37.12722],[58.25674,37.18306],[58.32422,37.17083],[58.33724,37.20136],[58.40333,37.2124],[58.42359,37.22421],[58.43782,37.24789],[58.4363,37.26593],[58.34782,37.32037],[58.32719,37.35464],[58.331,37.37162],[58.35856,37.39469],[58.36968,37.41571],[58.35491,37.49862],[58.37059,37.56586],[58.32826,37.61444],[58.31356,37.65601],[58.34227,37.66073],[58.37562,37.65015],[58.38171,37.63279],[58.4047,37.62038],[58.43356,37.63028],[58.48519,37.62792],[58.50138,37.63334],[58.5179,37.67971],[58.53856,37.69903],[58.55921,37.70626],[58.59167,37.69265],[58.63088,37.65925],[58.72711,37.63831]]]}},{"type":"Feature","properties":{"ProvincNam":"خراسان شمالی","ADM1_FA":"خراسان شمالی","Name":"خراسان شمالی"},"geometry":{"type":"Polygon","coordinates":[[[56.75644,38.28264],[56.79493,38.24717],[56.84598,38.22456],[56.9072,38.21062],[56.95922,38.20777],[56.97858,38.21417],[56.9968,38.20686],[57.0116,38.18943],[57.04167,38.17966],[57.08573,38.18966],[57.14841,38.24334],[57.15812,38.2706],[57.17887,38.26842],[57.21475,38.28122],[57.23064,38.27108],[57.24511,38.2736],[57.25292,38.26209],[57.2444,38.25381],[57.25082,38.23172],[57.29456,38.21573],[57.2918,38.20484],[57.29927,38.19813],[57.29251,38.17171],[57.29903,38.15534],[57.33486,38.13645],[57.34248,38.11475],[57.3786,38.08458],[57.37517,38.05503],[57.36366,38.0486],[57.36694,38.00834],[57.35519,37.98296],[57.40536,37.96884],[57.45707,37.93773],[57.49435,37.93559],[57.51747,37.91663],[57.58198,37.93417],[57.68943,37.91311],[57.74507,37.91361],[57.76159,37.89427],[57.80456,37.89089],[57.81394,37.88508],[57.81556,37.87238],[57.83569,37.85886],[57.85839,37.86743],[57.89579,37.86728],[57.90697,37.85772],[57.92858,37.85729],[57.93405,37.84668],[57.95923,37.84415],[57.96246,37.83606],[57.97508,37.83768],[58.0427,37.79909],[58.10652,37.79599],[58.11123,37.78219],[58.13017,37.78938],[58.14521,37.77558],[58.16862,37.78529],[58.20498,37.76777],[58.23791,37.72861],[58.24805,37.70224],[58.24435,37.67284],[58.31356,37.65601],[58.32826,37.61444],[58.37059,37.56586],[58.35491,37.49862],[58.36968,37.41571],[58.35856,37.39469],[58.331,37.37162],[58.32719,37.35464],[58.34782,37.32037],[58.4363,37.26593],[58.43782,37.24789],[58.42359,37.22421],[58.40333,37.2124],[58.33724,37.20136],[58.32422,37.17083],[58.25674,37.18306],[58.22107,37.12722],[58.17562,37.08068],[58.26687,37.0503],[58.26699,37.02574],[58.30468,37.01318],[58.31546,36.99564],[58.29808,36.94248],[58.27334,36.91786],[58.1693,36.88139],[58.13807,36.85908],[58.10327,36.8683],[58.09815,36.79847],[58.11707,36.76438],[58.09095,36.72815],[58.11278,36.6419],[58.10886,36.62155],[58.08804,36.59746],[58.05806,36.5839],[58.00374,36.57664],[57.8793,36.60026],[57.70372,36.65859],[57.55949,36.74655],[57.33582,36.80987],[57.03336,36.86912],[56.82577,36.83013],[56.68503,36.78421],[56.6485,36.76595],[56.55582,36.69159],[56.53525,36.66517],[56.50448,36.65959],[56.45558,36.69395],[56.36535,36.67932],[56.3595,36.68696],[56.36742,36.6906],[56.37485,36.72193],[56.36728,36.72529],[56.37171,36.73271],[56.36343,36.75641],[56.31246,36.80467],[56.25778,36.84264],[56.2263,36.89732],[56.21323,36.89711],[56.1789,36.87327],[56.12622,36.86891],[56.07768,36.84379],[56.01507,36.83025],[56.0137,36.84841],[55.99885,36.85978],[56.01107,36.87457],[55.98417,36.89987],[55.97855,36.99014],[55.99096,37.00346],[56.02233,37.00331],[56.02751,37.03651],[56.04221,37.05272],[56.03147,37.07694],[56.04601,37.10123],[56.00299,37.1179],[56.06863,37.16085],[56.01205,37.23174],[55.9468,37.2009],[55.93065,37.19823],[55.91018,37.20679],[55.91827,37.30016],[55.90937,37.33206],[56.01928,37.36583],[56.00662,37.38506],[55.99977,37.42132],[56.009,37.45558],[56.06268,37.5165],[56.06182,37.57008],[56.12521,37.63576],[56.21906,37.85801],[56.23202,37.86486],[56.28234,37.86521],[56.31328,37.91252],[56.31204,38.01523],[56.29662,38.03684],[56.29727,38.08187],[56.33549,38.07445],[56.34086,38.10433],[56.35326,38.11725],[56.32202,38.17493],[56.34247,38.20023],[56.42065,38.25465],[56.55154,38.2659],[56.58546,38.25751],[56.60625,38.23387],[56.67871,38.26842],[56.72474,38.2659],[56.75644,38.28264]]]}},{"type":"Feature","properties":{"ProvincNam":"خوزستان","ADM1_FA":"خوزستان","Name":"خوزستان"},"geometry":{"type":"Polygon","coordinates":[[[48.40519,32.9602],[48.50587,32.96129],[48.54629,32.97968],[48.57834,32.97214],[48.62051,32.97802],[48.70615,32.93464],[48.71738,32.89038],[48.73211,32.90038],[48.73867,32.89683],[48.76676,32.92399],[48.75936,32.95355],[48.76735,32.96612],[48.83006,32.9463],[48.85515,32.90836],[48.90211,32.88284],[48.93166,32.89502],[48.95669,32.89039],[48.98591,32.9093],[49.00661,32.91268],[49.00677,32.90256],[49.01555,32.89764],[49.06747,32.90016],[49.09365,32.88117],[49.11356,32.88638],[49.14138,32.86606],[49.17517,32.88029],[49.21671,32.84975],[49.25906,32.85927],[49.27214,32.84925],[49.31781,32.83865],[49.37026,32.84252],[49.41873,32.80226],[49.44643,32.76531],[49.50228,32.74338],[49.51409,32.72353],[49.50025,32.71679],[49.50245,32.70633],[49.52763,32.67013],[49.65067,32.54746],[49.75806,32.46939],[49.79544,32.42866],[49.81589,32.38419],[49.90913,32.31768],[49.92896,32.28445],[49.94149,32.18356],[50.05272,32.07782],[50.23928,31.9386],[50.25339,31.90388],[50.29308,31.86636],[50.28354,31.85659],[50.28724,31.84839],[50.3721,31.76518],[50.39459,31.7218],[50.37863,31.65467],[50.44625,31.61366],[50.43072,31.59053],[50.39891,31.59887],[50.38611,31.57192],[50.37412,31.56912],[50.36344,31.55199],[50.38217,31.53828],[50.28646,31.47495],[50.25374,31.43629],[50.25094,31.42692],[50.2671,31.39192],[50.30658,31.35708],[50.30403,31.35234],[50.28162,31.3335],[50.19962,31.34311],[50.17821,31.29519],[50.15441,31.27253],[49.96387,31.24471],[49.9554,31.23005],[49.95611,31.20197],[49.9909,31.12378],[49.97282,31.09875],[49.94436,31.08333],[49.96311,31.06311],[49.95654,31.01642],[49.93065,30.99055],[49.89108,30.96753],[49.89664,30.9524],[49.92418,30.92731],[49.93616,30.938],[49.95515,30.92722],[49.95245,30.88869],[49.96755,30.86836],[50.014,30.85915],[50.0588,30.83565],[50.11446,30.84017],[50.19132,30.90043],[50.21736,30.90082],[50.22627,30.89119],[50.22884,30.84491],[50.24566,30.82496],[50.24752,30.79013],[50.23372,30.77292],[50.24171,30.76174],[50.3262,30.70914],[50.34178,30.70963],[50.37482,30.72824],[50.41003,30.72282],[50.4244,30.66821],[50.52946,30.61119],[50.55334,30.56226],[50.5098,30.5293],[50.38645,30.52343],[50.45381,30.43229],[50.52377,30.39097],[50.51371,30.21917],[50.5249,30.16779],[50.49845,30.16755],[50.39771,30.19325],[50.30071,30.2355],[50.21122,30.29037],[50.14486,30.18512],[50.11283,30.15387],[50.10026,30.17784],[50.05286,30.20468],[50.00478,30.21416],[49.94847,30.20822],[49.89022,30.18583],[49.60308,30.01622],[49.55797,30.0],[49.52428,30.03758],[49.49242,30.05841],[49.49305,30.14275],[49.44483,30.16251],[49.38829,30.15663],[49.37293,30.1435],[49.37904,30.15629],[49.36351,30.16354],[49.35071,30.15463],[49.34152,30.16011],[49.32581,30.14761],[49.30126,30.15109],[49.29098,30.13881],[49.2425,30.1347],[49.24427,30.15931],[49.25477,30.17656],[49.24558,30.19683],[49.2522,30.2014],[49.24524,30.19975],[49.22571,30.21853],[49.23787,30.22287],[49.23439,30.2568],[49.21617,30.25331],[49.21697,30.23544],[49.1851,30.20694],[49.12603,30.25016],[49.00655,30.26453],[48.91221,30.39118],[48.88078,30.35678],[48.87239,30.32145],[48.8533,30.31223],[48.87174,30.27624],[48.92361,30.23596],[48.94336,30.17374],[48.92492,30.11437],[48.92992,30.07309],[48.90838,30.00516],[48.71113,29.88229],[48.646,29.90909],[48.59548,29.94086],[48.51214,29.95931],[48.45437,29.99514],[48.44351,30.00901],[48.43589,30.07051],[48.37718,30.11997],[48.41072,30.17651],[48.39416,30.20917],[48.26326,30.33582],[48.24265,30.34045],[48.2109,30.31772],[48.19451,30.32206],[48.18194,30.35381],[48.17419,30.40946],[48.16018,30.42469],[48.1212,30.44811],[48.0,30.46624],[47.99625,30.9045],[47.69163,30.89715],[47.67742,31.00144],[47.67639,31.40233],[47.8623,31.78435],[47.85139,31.81907],[47.80208,31.84596],[47.79499,31.86171],[47.80246,31.88275],[47.78357,31.88984],[47.77571,31.90978],[47.74727,31.9166],[47.72574,31.93928],[47.7207,31.9636],[47.70642,31.97436],[47.71237,31.99001],[47.70162,31.99596],[47.71031,32.00004],[47.69751,32.01598],[47.70674,32.01884],[47.67747,32.0186],[47.68356,32.02993],[47.66548,32.03373],[47.66298,32.046],[47.83303,32.13241],[47.97858,32.27136],[47.98056,32.31438],[47.99038,32.33653],[48.04101,32.359],[48.02556,32.41732],[48.01337,32.52529],[47.99845,32.53618],[47.98117,32.53671],[47.98056,32.5275],[47.94172,32.51775],[47.95573,32.53671],[47.9504,32.54174],[47.94233,32.53321],[47.93289,32.53542],[47.9434,32.56352],[47.91759,32.55453],[47.91401,32.56374],[47.90076,32.5674],[47.90959,32.58027],[47.93289,32.58301],[47.91462,32.60364],[47.98886,32.61324],[47.95543,32.63532],[47.96685,32.65801],[47.98561,32.65471],[47.998,32.66247],[47.99975,32.67349],[48.0669,32.67197],[48.08808,32.68856],[48.08377,32.70179],[48.06307,32.70764],[48.08489,32.71973],[48.07906,32.73053],[48.0606,32.73793],[48.05808,32.75589],[48.06526,32.7632],[48.05208,32.77046],[48.06533,32.78716],[48.05401,32.78683],[48.04934,32.80836],[48.10652,32.83725],[48.10647,32.84877],[48.12627,32.87092],[48.12979,32.91327],[48.14207,32.91544],[48.16648,32.90009],[48.18309,32.9018],[48.25214,32.9783],[48.28643,32.99615],[48.40519,32.9602]]]}},{"type":"Feature","properties":{"ProvincNam":"زنجان","ADM1_FA":"زنجان","Name":"زنجان"},"geometry":{"type":"Polygon","coordinates":[[[48.4025,37.25152],[48.42677,37.24082],[48.42249,37.22404],[48.44807,37.20834],[48.47995,37.20941],[48.4928,37.19596],[48.48531,37.17847],[48.49828,37.1749],[48.49435,37.17086],[48.51182,37.14006],[48.55103,37.13435],[48.55217,37.11836],[48.57482,37.11931],[48.58073,37.10365],[48.66525,37.12924],[48.75034,37.18406],[48.77558,37.15002],[48.8031,37.13712],[48.84296,37.15413],[48.86958,37.14477],[48.91161,37.17287],[48.93434,37.17629],[48.9391,37.15465],[49.03797,37.07339],[49.07711,37.05198],[49.14201,36.94837],[49.17502,36.91577],[49.21688,36.902],[49.23367,36.85843],[49.28332,36.81533],[49.19813,36.7529],[49.1599,36.77563],[49.12732,36.77761],[49.09857,36.76158],[49.0697,36.71208],[49.06426,36.67708],[49.03151,36.65785],[48.98246,36.56987],[48.9792,36.54253],[49.07814,36.4873],[49.11759,36.42948],[49.21314,36.42495],[49.29227,36.3851],[49.35241,36.3875],[49.36103,36.35609],[49.37525,36.34198],[49.43759,36.32783],[49.43207,36.30497],[49.40539,36.26929],[49.42435,36.24268],[49.42542,36.22212],[49.45062,36.18938],[49.44849,36.17187],[49.42884,36.13981],[49.43615,36.07958],[49.42032,36.05065],[49.37425,36.00595],[49.33838,35.99724],[49.29774,35.97416],[49.25771,35.96898],[49.21474,35.98273],[49.16058,35.93195],[49.08216,35.92567],[49.06812,35.91177],[49.08225,35.88888],[49.05346,35.87175],[49.02914,35.8827],[49.0073,35.90725],[48.96409,35.91444],[48.93549,35.92886],[48.90508,35.97897],[48.78996,35.87975],[48.78092,35.84472],[48.73557,35.75972],[48.74372,35.7197],[48.73813,35.69476],[48.77285,35.67892],[48.71177,35.57875],[48.7346,35.55275],[48.72001,35.54796],[48.70524,35.55283],[48.69183,35.58374],[48.67828,35.59242],[48.61463,35.60049],[48.54869,35.58237],[48.50711,35.59714],[48.50544,35.62638],[48.47574,35.64907],[48.44848,35.65105],[48.42275,35.6375],[48.40813,35.63811],[48.31005,35.67587],[48.25493,35.72324],[48.19965,35.7307],[48.19691,35.76603],[48.18609,35.784],[48.06289,35.80395],[48.02406,35.91329],[48.00575,35.9296],[47.98935,35.92719],[47.94183,35.88907],[47.91324,35.88956],[47.88804,35.90294],[47.87658,35.91959],[47.8761,35.93539],[47.99948,35.97217],[47.91952,35.99786],[47.9744,36.05355],[48.00437,36.1372],[47.98458,36.20623],[47.96037,36.22342],[47.96945,36.24278],[47.95768,36.25403],[47.95631,36.26865],[47.97099,36.28121],[47.95249,36.31268],[47.91468,36.33352],[47.88636,36.33032],[47.83319,36.34529],[47.78939,36.37304],[47.67877,36.38018],[47.53241,36.42604],[47.47342,36.42911],[47.44401,36.41165],[47.41322,36.41331],[47.36876,36.45229],[47.35924,36.48282],[47.36358,36.50506],[47.34028,36.55394],[47.33807,36.60602],[47.29648,36.68677],[47.22662,36.7237],[47.17768,36.79204],[47.19674,36.79744],[47.24436,36.83822],[47.25556,36.86163],[47.29553,36.88071],[47.30846,36.89975],[47.3847,36.94355],[47.43204,36.95914],[47.46619,36.98901],[47.509,37.00026],[47.52567,37.02288],[47.53492,37.06491],[47.58429,37.05765],[47.61215,37.03545],[47.64127,37.05667],[47.64594,37.07637],[47.67211,37.09817],[47.71133,37.08494],[47.73664,37.09274],[47.75301,37.07942],[47.78081,37.07618],[47.78928,37.08732],[47.79851,37.13881],[47.85495,37.16927],[47.90482,37.17583],[47.97373,37.16355],[47.99819,37.1489],[48.0001,37.12348],[48.0119,37.1211],[48.04502,37.14985],[48.10546,37.15508],[48.13439,37.20781],[48.15629,37.22504],[48.32075,37.24674],[48.34123,37.23963],[48.35777,37.24843],[48.38228,37.24248],[48.4025,37.25152]]]}},{"type":"Feature","properties":{"ProvincNam":"سمنان","ADM1_FA":"سمنان","Name":"سمنان"},"geometry":{"type":"Polygon","coordinates":[[[55.92512,37.19937],[55.96279,37.20653],[56.01205,37.23174],[56.06863,37.16085],[56.00299,37.1179],[56.04601,37.10123],[56.03147,37.07694],[56.04221,37.05272],[56.02751,37.03651],[56.02233,37.00331],[55.99096,37.00346],[55.97855,36.99014],[55.98417,36.89987],[56.01107,36.87457],[55.99885,36.85978],[56.0137,36.84841],[56.01507,36.83025],[56.07768,36.84379],[56.12622,36.86891],[56.1789,36.87327],[56.21323,36.89711],[56.2263,36.89732],[56.25778,36.84264],[56.31246,36.80467],[56.36343,36.75641],[56.37171,36.73271],[56.36728,36.72529],[56.37485,36.72193],[56.36742,36.6906],[56.3595,36.68696],[56.36535,36.67932],[56.45558,36.69395],[56.50448,36.65959],[56.6187,36.66577],[56.69228,36.69974],[56.71614,36.6932],[56.77152,36.69926],[56.77937,36.68725],[56.75962,36.6534],[56.77687,36.61384],[56.85397,36.58927],[56.86735,36.57648],[56.87568,36.54668],[56.87033,36.51706],[56.84683,36.49856],[56.79383,36.43235],[56.71007,36.38726],[56.71465,36.35936],[56.74029,36.34044],[56.74035,36.31938],[56.76396,36.30558],[56.78461,36.26454],[56.81411,36.23914],[56.78193,36.19178],[56.74824,36.11343],[56.73342,36.01927],[56.71757,35.99286],[56.72334,35.86625],[56.74556,35.82285],[56.92247,35.68579],[56.9729,35.61355],[57.01361,35.58625],[57.04783,35.5403],[57.04715,35.52509],[57.00188,35.47392],[56.9993,35.42395],[57.02413,35.3486],[57.05484,35.32091],[57.02502,35.24232],[56.99755,35.20638],[56.95203,35.21517],[56.91228,35.19861],[56.86523,35.19484],[56.79356,35.1439],[56.74947,35.084],[56.71869,35.06019],[56.63697,35.0579],[56.52133,35.02986],[56.4213,34.95011],[56.17127,34.62262],[56.08918,34.49026],[56.00634,34.38304],[55.9247,34.24488],[55.50938,34.23995],[55.4993,34.24635],[54.96154,34.24064],[52.88434,34.24729],[52.81724,34.29559],[52.72989,34.34154],[52.54334,34.40855],[52.4861,34.42213],[52.41243,34.4247],[52.24739,34.39728],[52.16459,34.39757],[51.99584,34.43783],[51.84051,34.50465],[51.9136,34.67711],[51.959,34.84358],[52.00812,34.91553],[52.03584,34.99992],[52.03806,35.09101],[52.01178,35.11998],[51.96123,35.15456],[51.88423,35.27291],[51.88785,35.29866],[51.92587,35.34087],[51.92207,35.3531],[51.9293,35.36443],[51.93787,35.36238],[51.94619,35.37361],[51.93396,35.3817],[51.93363,35.41249],[51.9154,35.41868],[51.91355,35.42763],[51.93706,35.48254],[51.92792,35.50767],[51.93025,35.54917],[51.95338,35.57082],[51.98184,35.57748],[52.00782,35.56259],[52.04594,35.48716],[52.27085,35.43838],[52.31139,35.4094],[52.37954,35.34163],[52.39615,35.33802],[52.44126,35.37142],[52.51553,35.39216],[52.56178,35.41706],[52.59884,35.45024],[52.67417,35.54064],[52.72322,35.5576],[52.74898,35.556],[52.77645,35.54013],[52.79858,35.5436],[52.91578,35.64843],[52.99573,35.67084],[53.02595,35.71115],[53.08701,35.74004],[53.11276,35.77168],[53.16068,35.79814],[53.14978,35.81442],[53.05874,35.81561],[53.026,35.82708],[53.02167,35.88742],[53.04132,35.89365],[53.05712,35.9096],[53.22658,35.92462],[53.23463,35.93816],[53.22578,35.96203],[53.23251,35.97231],[53.36192,36.05465],[53.42961,36.07589],[53.68111,36.10071],[53.73746,36.13544],[53.77636,36.17366],[53.89047,36.22658],[53.92957,36.26488],[53.94971,36.30786],[53.93837,36.32514],[53.87924,36.36017],[53.87616,36.36866],[53.89111,36.39723],[53.93855,36.44208],[54.02219,36.45204],[54.09848,36.48797],[54.18895,36.5071],[54.30164,36.50948],[54.37754,36.52369],[54.47586,36.5145],[54.52668,36.51969],[54.58679,36.55305],[54.64837,36.6172],[54.70124,36.62948],[54.77048,36.59755],[54.80213,36.6044],[54.90682,36.65962],[54.99445,36.75391],[55.01487,36.76625],[55.39858,36.81513],[55.4985,36.89819],[55.53733,36.90645],[55.56915,36.93024],[55.59509,36.99758],[55.61258,37.07249],[55.64618,37.12113],[55.69263,37.16405],[55.71052,37.19965],[55.72013,37.26142],[55.73003,37.27846],[55.82807,37.325],[55.90937,37.33206],[55.91827,37.30016],[55.91018,37.20679],[55.92512,37.19937]]]}},{"type":"Feature","properties":{"ProvincNam":"سیستان و بلوچستان","ADM1_FA":"سیستان و بلوچستان","Name":"سیستان و بلوچستان"},"geometry":{"type":"Polygon","coordinates":[[[61.83662,31.01245],[61.82391,30.99679],[61.82686,30.97614],[61.83476,30.97148],[61.79831,30.93555],[61.78332,30.94069],[61.78303,30.90571],[61.79631,30.88006],[61.79341,30.86554],[61.8054,30.83014],[61.78584,30.82],[61.52299,30.54647],[60.8746,29.85935],[61.18116,29.52196],[61.30382,29.41483],[61.31096,29.40068],[61.37111,29.36592],[61.37972,29.32281],[61.37225,29.31429],[61.37463,29.29773],[61.36188,29.28297],[61.37996,29.24771],[61.42184,29.20131],[61.42941,29.14401],[61.44354,29.12997],[61.4601,29.13383],[61.48894,29.12346],[61.48375,29.10961],[61.48889,29.09838],[61.48185,29.09152],[61.53573,29.01584],[61.57264,28.93247],[61.57778,28.90323],[61.6527,28.79644],[61.74642,28.72506],[61.82048,28.639],[61.92322,28.55779],[61.96365,28.54003],[61.99163,28.54037],[62.04674,28.50994],[62.16827,28.49143],[62.23434,28.46117],[62.25644,28.46151],[62.28374,28.44935],[62.32662,28.45026],[62.36579,28.43313],[62.39715,28.43094],[62.43617,28.40614],[62.44921,28.38896],[62.4978,28.37212],[62.52069,28.3232],[62.60902,28.2461],[62.8049,28.27632],[62.80704,28.21641],[62.78083,28.02702],[62.78481,28.00015],[62.77035,27.99824],[62.83454,27.7559],[62.85792,27.46398],[62.81238,27.36729],[62.80182,27.36056],[62.80623,27.34946],[62.80004,27.33961],[62.83318,27.30827],[62.82489,27.2793],[62.81833,27.26443],[62.78334,27.25619],[62.83087,27.21869],[62.85889,27.21613],[62.88593,27.2265],[62.90009,27.21393],[62.94513,27.20349],[62.97772,27.20892],[63.04028,27.23907],[63.05591,27.2359],[63.08533,27.24591],[63.08929,27.23712],[63.11853,27.23969],[63.19452,27.26111],[63.22351,27.22913],[63.28131,27.21667],[63.33289,27.12189],[63.31592,27.12872],[63.30048,27.11768],[63.28052,27.11768],[63.26532,27.10492],[63.26508,27.09027],[63.25189,27.08472],[63.25592,26.90851],[63.24292,26.90008],[63.23889,26.88409],[63.25067,26.86969],[63.24792,26.84711],[63.18548,26.83148],[63.19488,26.8161],[63.18988,26.79608],[63.20929,26.77173],[63.19592,26.76971],[63.2055,26.71509],[63.19153,26.6947],[63.20111,26.67492],[63.19287,26.66632],[63.19592,26.64972],[63.10327,26.6521],[63.09167,26.64111],[63.06488,26.64227],[63.0473,26.62909],[62.99249,26.65069],[62.93548,26.63952],[62.92273,26.64532],[62.90069,26.64068],[62.89313,26.64752],[62.8313,26.63891],[62.79687,26.65008],[62.78369,26.63952],[62.7605,26.64508],[62.73889,26.63031],[62.74432,26.6131],[62.73187,26.61749],[62.69232,26.59912],[62.67492,26.61108],[62.6579,26.61047],[62.64068,26.59088],[62.60607,26.57507],[62.53112,26.56891],[62.51484,26.57678],[62.48718,26.56436],[62.44759,26.56585],[62.42787,26.55097],[62.4247,26.53192],[62.37309,26.53809],[62.35717,26.52582],[62.31417,26.51776],[62.30292,26.49959],[62.30428,26.48796],[62.3189,26.484],[62.31213,26.4623],[62.30287,26.45993],[62.29155,26.4393],[62.26305,26.44498],[62.26892,26.43856],[62.2644,26.40761],[62.29116,26.37903],[62.26137,26.36611],[62.25583,26.34166],[62.27801,26.32578],[62.25227,26.31824],[62.23307,26.33138],[62.23627,26.31049],[62.22902,26.30705],[62.22659,26.2816],[62.21616,26.26817],[62.13132,26.27216],[62.10367,26.28482],[62.09773,26.31022],[62.07507,26.32905],[62.03299,26.3347],[62.02497,26.30353],[62.00838,26.29395],[62.00317,26.28113],[61.97331,26.27083],[61.96476,26.25859],[61.9536,26.26366],[61.92064,26.25146],[61.90446,26.26102],[61.89202,26.25148],[61.89628,26.23325],[61.86145,26.17325],[61.84454,26.06484],[61.83714,26.0571],[61.84347,26.02482],[61.85542,26.00862],[61.82336,25.97297],[61.83143,25.91103],[61.85431,25.91594],[61.8738,25.89389],[61.89082,25.89035],[61.88348,25.88007],[61.84186,25.87581],[61.84308,25.86831],[61.83101,25.86473],[61.83208,25.85483],[61.82009,25.84802],[61.82203,25.8412],[61.84297,25.83964],[61.8384,25.82818],[61.85052,25.81707],[61.84496,25.79913],[61.83663,25.79811],[61.84378,25.77991],[61.8388,25.74275],[61.81142,25.7375],[61.80705,25.72055],[61.79936,25.71831],[61.77842,25.72375],[61.78028,25.73034],[61.73498,25.73944],[61.72748,25.72691],[61.73262,25.71526],[61.70501,25.69162],[61.6942,25.69215],[61.70174,25.66855],[61.67539,25.64868],[61.68065,25.64266],[61.65668,25.31065],[61.61491,25.17952],[61.54063,25.19086],[61.49751,25.17749],[61.50075,25.14727],[61.48699,25.12914],[61.49713,25.116],[61.49199,25.10539],[61.4307,25.09107],[61.41775,25.0746],[61.4326,25.06251],[61.18894,25.1249],[61.19061,25.13685],[61.18209,25.14532],[61.19056,25.1535],[61.18057,25.16502],[61.07305,25.19941],[60.86827,25.2382],[60.75409,25.27021],[60.61643,25.28492],[60.63086,25.30387],[60.61744,25.33396],[60.59956,25.34675],[60.61618,25.37194],[60.60499,25.40009],[60.60944,25.41391],[60.58289,25.42956],[60.59065,25.42345],[60.59465,25.41254],[60.57586,25.43093],[60.53789,25.44287],[60.46496,25.43156],[60.42607,25.40238],[60.40671,25.37485],[60.40306,25.35772],[60.40958,25.33931],[60.45497,25.3301],[60.44895,25.31555],[60.47332,25.29644],[60.46974,25.2867],[60.43189,25.29774],[60.4236,25.31304],[60.31102,25.33456],[60.29983,25.35127],[60.31216,25.35536],[60.31454,25.36769],[60.29674,25.38606],[60.27675,25.3901],[60.20028,25.37168],[60.18981,25.34599],[60.2116,25.33142],[60.20047,25.32509],[60.18153,25.33571],[60.11571,25.34594],[60.10776,25.35527],[60.11566,25.36093],[60.11124,25.37111],[60.07317,25.38173],[60.00659,25.37944],[59.92293,25.36307],[59.90422,25.35398],[59.90251,25.34584],[59.91012,25.3437],[59.90498,25.34213],[59.89438,25.34251],[59.8954,25.35286],[59.85352,25.37575],[59.86013,25.38451],[59.85366,25.39593],[59.82149,25.40426],[59.61476,25.3896],[59.54719,25.41344],[59.49727,25.46356],[59.45877,25.47193],[59.30881,25.45228],[59.26693,25.43752],[59.24761,25.45456],[59.24262,25.45223],[59.24771,25.44328],[59.22609,25.43901],[59.21296,25.5585],[59.23992,25.63393],[59.21402,25.68496],[59.22101,25.74536],[59.14083,25.81631],[59.09187,25.84703],[59.0814,25.85902],[59.07307,25.89576],[59.03195,25.90566],[59.02634,25.92027],[59.00235,25.93169],[59.00287,25.95172],[59.03052,25.9798],[59.0873,25.99846],[59.08151,26.05007],[59.0389,26.10248],[59.02574,26.14368],[59.0334,26.17004],[58.99063,26.20649],[58.98211,26.27627],[58.94717,26.33688],[58.89608,26.33977],[58.87937,26.35614],[58.87434,26.37751],[58.88828,26.42011],[58.84455,26.4827],[58.92488,26.51686],[58.99946,26.49761],[59.01034,26.50602],[59.00858,26.53139],[59.03504,26.53901],[59.04002,26.55137],[59.00151,26.59138],[59.00343,26.6097],[59.0232,26.64287],[58.9997,26.67337],[58.99238,26.75952],[58.88521,26.79819],[58.85518,26.83237],[58.85282,26.867],[58.86097,26.90457],[58.91463,27.0003],[58.87832,27.04413],[58.85534,27.08925],[58.83421,27.1879],[58.83344,27.23573],[58.85215,27.36655],[58.90074,27.57176],[58.90545,27.73004],[58.89088,27.8926],[58.9321,27.97512],[58.93372,27.99863],[58.9201,28.00725],[58.92239,28.03328],[58.94392,28.06092],[59.00891,28.10798],[59.03347,28.11592],[59.11765,28.11364],[59.1309,28.11918],[59.14352,28.14362],[59.15357,28.25321],[59.12221,28.29689],[59.12187,28.3524],[59.05774,28.41728],[59.16219,28.46113],[59.24728,28.48066],[59.34419,28.4846],[59.53264,28.47307],[59.55811,28.4858],[59.55966,28.56119],[59.54355,28.64365],[59.56028,28.6983],[59.55876,28.76599],[59.53748,28.85632],[59.49513,28.97024],[59.49918,29.00067],[59.56389,29.07862],[59.5676,29.09215],[59.50849,29.20311],[59.46269,29.379],[59.43375,29.86283],[59.43558,29.93627],[59.45473,30.01012],[59.43315,30.24752],[59.4737,30.4917],[59.46894,30.51759],[59.80258,30.66963],[59.91694,30.73764],[59.94212,30.76334],[59.95249,30.87907],[59.97362,30.92024],[59.99908,30.93223],[60.14846,30.93437],[60.21722,30.94963],[60.23512,30.96598],[60.25066,30.99814],[60.30186,31.02699],[60.28347,31.04436],[60.2512,31.11688],[60.25492,31.1327],[60.38164,31.2231],[60.65701,31.28723],[60.71463,31.31013],[60.82433,31.39528],[60.84712,31.4268],[60.86744,31.48384],[61.48447,31.409],[61.50073,31.40083],[61.70461,31.37427],[61.77789,31.29932],[61.77056,31.24497],[61.77418,31.20419],[61.80616,31.16007],[61.81349,31.10915],[61.83276,31.08222],[61.83062,31.04838],[61.84128,31.03249],[61.83234,31.02858],[61.83662,31.01245]]]}},{"type":"Feature","properties":{"ProvincNam":"فارس","ADM1_FA":"فارس","Name":"فارس"},"geometry":{"type":"Polygon","coordinates":[[[53.9084,30.44819],[53.94219,30.35015],[53.93529,30.32112],[53.90584,30.27645],[53.87479,30.20102],[53.94073,30.0817],[53.99971,30.02971],[54.00248,30.01536],[54.04011,29.99799],[54.0968,29.94263],[54.10415,29.91393],[54.08834,29.85414],[54.09202,29.81636],[54.1478,29.74908],[54.18423,29.67532],[54.24384,29.59639],[54.33773,29.6069],[54.48168,29.64198],[54.56436,29.62612],[54.60449,29.61065],[54.71265,29.61478],[54.79869,29.60112],[54.85783,29.56041],[55.00478,29.38273],[55.11726,29.3111],[55.18449,29.24005],[55.16526,29.18796],[55.1022,29.13379],[55.06085,29.07226],[55.05378,29.03899],[55.05666,28.9818],[55.13924,28.92807],[55.21205,28.9022],[55.23758,28.87935],[55.25271,28.85423],[55.24825,28.77902],[55.25499,28.72494],[55.36606,28.65139],[55.43704,28.58212],[55.45749,28.55191],[55.4536,28.52399],[55.42442,28.48327],[55.41711,28.44529],[55.40779,28.13779],[55.41316,28.07117],[55.40151,27.99193],[55.45975,27.96357],[55.50412,27.92367],[55.58087,27.80975],[55.57544,27.79261],[55.54632,27.76674],[55.47791,27.72917],[55.43822,27.64299],[55.387,27.60136],[55.32778,27.56704],[55.26336,27.49925],[55.13795,27.43329],[54.77847,27.44866],[54.66317,27.46653],[54.50961,27.46293],[54.45501,27.45237],[54.35028,27.46088],[54.1488,27.42033],[53.98447,27.36004],[53.96819,27.34205],[53.97094,27.31881],[54.02644,27.23894],[54.02611,27.22005],[53.93955,27.12758],[53.79879,27.04924],[53.63665,27.09598],[53.57569,27.12667],[53.53833,27.16036],[53.52972,27.15875],[53.48946,27.10188],[53.40694,27.11111],[53.37262,27.14504],[53.34683,27.19449],[53.12575,27.27189],[53.05618,27.27356],[53.00835,27.29278],[52.91828,27.35132],[52.88226,27.40306],[52.78533,27.47342],[52.75708,27.50239],[52.5957,27.58386],[52.56505,27.61923],[52.53688,27.66964],[52.50954,27.73672],[52.49824,27.78941],[52.46119,27.83925],[52.44151,27.89095],[52.39236,27.96599],[52.38703,27.99557],[52.35569,28.02219],[52.31067,28.02923],[52.25032,28.05517],[52.21406,28.09971],[52.15491,28.15116],[52.12678,28.19465],[52.11541,28.22273],[52.11298,28.28326],[52.05221,28.43574],[52.0278,28.57327],[51.96074,28.82471],[51.91222,28.88323],[51.88974,28.94774],[51.86379,28.9895],[51.80308,29.04356],[51.82503,29.07425],[51.81783,29.10138],[51.75162,29.15587],[51.64068,29.28739],[51.59214,29.39257],[51.55781,29.4122],[51.55924,29.42261],[51.52408,29.44039],[51.51814,29.45241],[51.49268,29.4489],[51.4878,29.46187],[51.45092,29.46431],[51.43057,29.47674],[51.416,29.46335],[51.39244,29.46205],[51.38251,29.47234],[51.37025,29.46377],[51.32915,29.49447],[51.29679,29.53379],[51.27293,29.6063],[51.30155,29.68268],[51.27543,29.70303],[51.16556,29.71796],[51.03796,29.77727],[50.92337,29.78198],[50.83897,29.7744],[50.734,29.78952],[50.65569,29.8127],[50.64766,29.83048],[50.66764,29.84084],[50.6761,29.86144],[50.71702,29.87122],[50.67172,29.90613],[50.64886,29.9362],[50.60463,29.9436],[50.63173,29.97231],[50.6725,29.98042],[50.68986,29.99702],[50.77225,29.99169],[50.82631,29.96455],[50.85886,29.96991],[50.86708,29.99809],[50.90339,30.01926],[50.92043,30.03892],[50.9347,30.07704],[50.93928,30.12335],[50.96083,30.15459],[51.02194,30.18768],[51.02884,30.18013],[51.0534,30.18507],[51.06494,30.20262],[51.08463,30.20137],[51.09189,30.19316],[51.10218,30.20149],[51.10819,30.18989],[51.11866,30.20232],[51.13811,30.20428],[51.13347,30.21285],[51.14347,30.21933],[51.15185,30.21059],[51.18368,30.20981],[51.20076,30.23901],[51.23663,30.25132],[51.27209,30.28261],[51.27423,30.29403],[51.24323,30.31551],[51.2399,30.33496],[51.24615,30.35191],[51.27316,30.37243],[51.29588,30.37559],[51.29945,30.38487],[51.20385,30.47737],[51.17536,30.53929],[51.1452,30.5663],[51.13733,30.59938],[51.16193,30.61451],[51.16341,30.63997],[51.17493,30.65249],[51.22022,30.65331],[51.25698,30.61108],[51.35739,30.56307],[51.35805,30.51007],[51.38857,30.47211],[51.45561,30.47116],[51.52217,30.44005],[51.58015,30.42409],[51.62492,30.44767],[51.64474,30.42511],[51.69516,30.40438],[51.72674,30.38051],[51.7529,30.37383],[51.77569,30.38457],[51.83513,30.44367],[51.8505,30.46497],[51.83576,30.49941],[51.83817,30.52331],[51.88826,30.58208],[51.89291,30.60248],[51.87281,30.62144],[51.85373,30.65622],[51.78898,30.70322],[51.81282,30.7115],[51.83623,30.73651],[51.86456,30.79779],[51.83783,30.8533],[51.84,30.89618],[51.8997,30.97749],[51.91059,31.00207],[51.91369,31.03988],[51.96069,31.13113],[51.97634,31.19389],[51.97925,31.2104],[51.94247,31.41506],[52.04378,31.58644],[52.11762,31.64634],[52.1854,31.67016],[52.25342,31.66524],[52.26609,31.65788],[52.37129,31.56008],[52.44496,31.54386],[52.50549,31.52068],[52.80191,31.49613],[52.86486,31.44121],[52.93197,31.41065],[52.97551,31.35454],[52.97702,31.28268],[52.94742,31.24599],[52.86153,31.21945],[52.83772,31.19336],[52.84837,31.17176],[52.89223,31.14955],[52.90957,31.13248],[52.95806,31.02771],[52.98045,31.01378],[53.03445,31.00039],[53.14244,30.93831],[53.26716,30.88575],[53.39218,30.82197],[53.46534,30.73608],[53.52204,30.72146],[53.71888,30.69458],[53.85326,30.65359],[53.90971,30.60696],[53.93523,30.56924],[53.93612,30.52659],[53.9084,30.44819]]]}},{"type":"Feature","properties":{"ProvincNam":"قزوین","ADM1_FA":"قزوین","Name":"قزوین"},"geometry":{"type":"Polygon","coordinates":[[[49.28332,36.81533],[49.39187,36.69305],[49.44719,36.65808],[49.47075,36.61925],[49.48971,36.6068],[49.52209,36.59952],[49.63993,36.60131],[49.72696,36.57185],[49.78186,36.56865],[49.81597,36.57497],[49.93521,36.6221],[49.98706,36.60916],[50.04935,36.60733],[50.18366,36.6719],[50.22485,36.67974],[50.24701,36.67601],[50.31729,36.64084],[50.36968,36.63611],[50.46166,36.60512],[50.53141,36.57033],[50.58059,36.53066],[50.66793,36.50858],[50.7309,36.46731],[50.80663,36.43456],[50.85417,36.38541],[50.86264,36.36399],[50.86273,36.31911],[50.85483,36.29779],[50.84341,36.29351],[50.77703,36.31493],[50.71169,36.32106],[50.67143,36.33853],[50.59081,36.32839],[50.52942,36.34238],[50.46089,36.33691],[50.43353,36.31388],[50.42886,36.28066],[50.44509,36.26377],[50.44914,36.24487],[50.51429,36.21446],[50.54784,36.18572],[50.61651,36.16312],[50.69222,36.11419],[50.6295,36.10268],[50.60285,36.08883],[50.5712,36.02991],[50.55193,36.01721],[50.44623,36.0036],[50.42595,35.99414],[50.40159,35.92647],[50.38427,35.90029],[50.27103,35.78287],[50.25961,35.74632],[50.25487,35.64768],[50.24513,35.63755],[50.18444,35.62811],[50.17774,35.62134],[50.18185,35.59423],[50.242,35.54839],[50.24238,35.53941],[50.19524,35.52096],[50.02232,35.50185],[49.94046,35.51708],[49.89615,35.54434],[49.85343,35.54015],[49.80691,35.51274],[49.72285,35.53475],[49.69186,35.53178],[49.67929,35.52188],[49.70214,35.48411],[49.69125,35.44779],[49.62858,35.44802],[49.57852,35.40955],[49.50248,35.39207],[49.42842,35.4303],[49.40273,35.42294],[49.34351,35.44152],[49.30106,35.46865],[49.25294,35.4701],[49.1662,35.4907],[49.14473,35.51795],[49.14153,35.56166],[49.08366,35.59029],[49.05397,35.61389],[49.02016,35.62029],[48.98377,35.64938],[48.89666,35.69369],[48.83788,35.70268],[48.79143,35.7307],[48.75823,35.72826],[48.74372,35.7197],[48.73489,35.74013],[48.73557,35.75972],[48.78092,35.84472],[48.78996,35.87975],[48.90508,35.97897],[48.93777,35.92724],[48.96409,35.91444],[49.0073,35.90725],[49.02914,35.8827],[49.05651,35.87218],[49.08225,35.88888],[49.0684,35.90802],[49.07911,35.92405],[49.16058,35.93195],[49.21474,35.98273],[49.25771,35.96898],[49.28584,35.97217],[49.33838,35.99724],[49.36572,36.00093],[49.39306,36.02141],[49.43509,36.0741],[49.42709,36.13144],[49.45062,36.18938],[49.42542,36.22212],[49.42435,36.24268],[49.40539,36.26929],[49.43207,36.30497],[49.43759,36.32783],[49.37525,36.34198],[49.36103,36.35609],[49.35241,36.3875],[49.29227,36.3851],[49.21314,36.42495],[49.11759,36.42948],[49.08142,36.48454],[48.9897,36.53149],[48.97775,36.54784],[48.98246,36.56987],[49.03151,36.65785],[49.06426,36.67708],[49.0718,36.71655],[49.11121,36.77045],[49.12732,36.77761],[49.1599,36.77563],[49.19813,36.7529],[49.28332,36.81533]]]}},{"type":"Feature","properties":{"ProvincNam":"قم","ADM1_FA":"قم","Name":"قم"},"geometry":{"type":"Polygon","coordinates":[[[51.26459,35.16443],[51.44852,35.10979],[51.48411,35.1097],[51.5075,35.10125],[51.58864,35.04775],[51.59764,35.02304],[51.62258,35.00705],[51.70034,35.01097],[51.73822,35.00138],[51.76398,34.97949],[51.96867,34.86242],[51.9136,34.67711],[51.87077,34.58745],[51.84159,34.50332],[51.69233,34.49133],[51.31954,34.43773],[51.24888,34.44428],[51.16905,34.43982],[51.08112,34.41304],[51.0336,34.39085],[51.01117,34.36769],[51.01587,34.28881],[50.99912,34.24674],[51.0019,34.22769],[50.94551,34.18215],[50.9253,34.15367],[50.91171,34.16186],[50.89937,34.19196],[50.86326,34.1949],[50.8496,34.20689],[50.83313,34.20803],[50.81196,34.23697],[50.78597,34.22412],[50.73905,34.2165],[50.72173,34.22978],[50.69375,34.23302],[50.68166,34.24763],[50.65894,34.25559],[50.64171,34.25142],[50.609,34.21741],[50.53565,34.19203],[50.48308,34.18993],[50.45642,34.19764],[50.44081,34.20937],[50.44377,34.24895],[50.43142,34.28101],[50.40523,34.3167],[50.37682,34.33697],[50.36161,34.38087],[50.34551,34.40204],[50.34544,34.43826],[50.30657,34.43348],[50.27748,34.45108],[50.15388,34.47085],[50.16695,34.49084],[50.16435,34.5031],[50.0972,34.56957],[50.11963,34.62264],[50.11924,34.64629],[50.10622,34.66759],[50.12736,34.71006],[50.12915,34.75527],[50.16733,34.81761],[50.26053,34.80933],[50.34657,34.75716],[50.40594,34.75008],[50.43568,34.75835],[50.46221,34.83388],[50.49372,34.85795],[50.51856,34.86461],[50.58633,34.85319],[50.62987,34.86568],[50.70868,34.86835],[50.69326,34.95382],[50.66071,34.98294],[50.67293,35.0115],[50.78128,35.09777],[50.81621,35.14172],[50.86876,35.17045],[50.94055,35.1402],[51.01049,35.13789],[51.08952,35.17293],[51.13969,35.1812],[51.26459,35.16443]]]}},{"type":"Feature","properties":{"ProvincNam":"کردستان","ADM1_FA":"کردستان","Name":"کردستان"},"geometry":{"type":"Polygon","coordinates":[[[46.31929,36.37682],[46.42303,36.38254],[46.4698,36.41692],[46.50372,36.42017],[46.57828,36.39881],[46.637,36.39586],[46.66108,36.4029],[46.67136,36.39634],[46.73057,36.41885],[46.75792,36.4079],[46.76032,36.41698],[46.77522,36.41658],[46.76963,36.42309],[46.79355,36.4284],[46.81577,36.42126],[46.81548,36.40944],[46.83536,36.41772],[46.84678,36.40824],[46.8582,36.41384],[46.89646,36.38894],[46.90914,36.3705],[46.91062,36.3384],[46.92724,36.32264],[47.01901,36.32155],[47.06938,36.28072],[47.08788,36.25211],[47.12729,36.25891],[47.14128,36.24954],[47.19433,36.24366],[47.32362,36.25331],[47.36857,36.293],[47.40066,36.33366],[47.37492,36.38331],[47.37835,36.43782],[47.42202,36.41046],[47.44401,36.41165],[47.47342,36.42911],[47.53241,36.42604],[47.67877,36.38018],[47.78356,36.37453],[47.83839,36.34346],[47.88636,36.33032],[47.91468,36.33352],[47.94837,36.31696],[47.97099,36.28121],[47.95631,36.26865],[47.95768,36.25403],[47.96945,36.24278],[47.96037,36.22342],[47.98458,36.20623],[48.00437,36.1372],[47.9744,36.05355],[47.91952,35.99786],[47.99948,35.97217],[47.8761,35.93539],[47.87947,35.9138],[47.90745,35.89185],[47.93254,35.88726],[47.98935,35.92719],[48.0107,35.92731],[48.02878,35.90278],[48.06289,35.80395],[48.18609,35.784],[48.19691,35.76603],[48.19965,35.7307],[48.23239,35.73009],[48.25893,35.71889],[48.22076,35.68495],[48.17303,35.67101],[48.13914,35.67515],[48.11644,35.64879],[48.09146,35.6496],[48.06038,35.63632],[48.01422,35.60591],[48.01372,35.58854],[47.99887,35.57335],[47.96518,35.5697],[47.93149,35.57529],[47.91847,35.58512],[47.88945,35.5489],[47.90959,35.52055],[47.9266,35.46544],[47.95241,35.43565],[47.97544,35.38583],[47.98919,35.37594],[48.04165,35.36564],[48.07568,35.30097],[48.10347,35.26732],[48.10952,35.22577],[48.14782,35.22144],[48.19139,35.16619],[48.19025,35.15144],[48.17417,35.13759],[48.16622,35.11627],[48.20592,35.09473],[48.19159,35.00131],[48.16162,34.99161],[48.1384,34.96707],[48.11099,34.97258],[48.07555,34.96084],[48.04009,34.98792],[47.98942,34.95967],[47.95218,34.97168],[47.9197,34.95063],[47.92088,34.93403],[47.8821,34.92255],[47.83428,34.9423],[47.80416,34.97864],[47.80766,34.98869],[47.8417,34.99806],[47.83602,35.01348],[47.80042,35.04094],[47.77349,35.04708],[47.75812,35.05997],[47.72442,35.05636],[47.67319,35.06803],[47.5905,35.071],[47.56297,35.0621],[47.52136,35.06355],[47.49741,35.04828],[47.41887,35.05821],[47.38682,35.04881],[47.38972,35.02431],[47.38247,35.01586],[47.34555,35.01453],[47.3342,34.99893],[47.31493,34.99274],[47.30912,34.98156],[47.33777,34.95767],[47.33434,34.94482],[47.30683,34.92912],[47.27238,34.92693],[47.26762,34.94482],[47.24725,34.95248],[47.21382,34.93511],[47.19395,34.94605],[47.18967,34.96771],[47.1623,34.96735],[47.17813,34.93178],[47.17492,34.9018],[47.11638,34.9056],[47.07843,34.88336],[47.07354,34.84815],[47.12946,34.80415],[47.11735,34.78809],[47.08081,34.79776],[47.06124,34.78177],[47.0978,34.7665],[47.09574,34.75653],[47.06921,34.75177],[47.04305,34.76064],[47.01683,34.74454],[46.96129,34.75729],[46.93345,34.74903],[46.88795,34.76144],[46.79877,34.73823],[46.7707,34.74244],[46.73411,34.7892],[46.74821,34.83716],[46.6359,34.87361],[46.54733,34.93164],[46.50164,35.03412],[46.46684,35.05159],[46.37375,35.16471],[46.33184,35.17642],[46.25783,35.21794],[46.16998,35.28154],[46.14009,35.32998],[46.1083,35.34459],[46.10331,35.35744],[46.06219,35.38676],[46.00219,35.48382],[46.00373,35.5144],[46.02523,35.51489],[46.02786,35.52086],[46.00918,35.53136],[46.01138,35.5445],[45.98606,35.57848],[46.03011,35.5714],[46.04659,35.57565],[46.02689,35.59444],[46.02532,35.62473],[46.00896,35.63607],[46.02463,35.64615],[46.02563,35.68004],[46.06092,35.7044],[46.06703,35.69663],[46.122,35.68464],[46.14938,35.69532],[46.17905,35.68478],[46.1887,35.70731],[46.21446,35.72193],[46.25172,35.71514],[46.29235,35.72921],[46.29461,35.74403],[46.35488,35.76993],[46.36297,35.79107],[46.35587,35.819],[46.31366,35.82543],[46.30762,35.83376],[46.2862,35.81225],[46.24442,35.81034],[46.22101,35.79516],[46.19873,35.81048],[46.18236,35.79852],[46.15106,35.82304],[46.15571,35.84429],[46.12357,35.84464],[46.10354,35.86639],[46.03757,35.83362],[45.97686,35.84001],[45.96662,35.82484],[45.94762,35.82192],[45.9071,35.83202],[45.89644,35.82776],[45.89263,35.80739],[45.87207,35.81702],[45.84843,35.8061],[45.82037,35.82247],[45.81066,35.80892],[45.77533,35.80096],[45.73222,35.87297],[45.71413,35.88335],[45.71032,35.89567],[45.69348,35.90062],[45.6821,35.92213],[45.64336,35.94545],[45.62171,35.97363],[45.60177,35.96811],[45.56585,36.00008],[45.56068,36.06172],[45.56811,36.07724],[45.63868,36.08909],[45.67889,36.10655],[45.65186,36.1293],[45.64991,36.13915],[45.68789,36.16575],[45.69146,36.17684],[45.68094,36.20601],[45.70431,36.23423],[45.75073,36.23636],[45.84526,36.21791],[45.94723,36.23833],[45.97861,36.25546],[45.99319,36.27291],[45.98729,36.32344],[45.96783,36.34638],[45.95856,36.38347],[45.99963,36.42445],[46.04906,36.4314],[46.10943,36.45458],[46.18481,36.46048],[46.22174,36.44835],[46.27756,36.39243],[46.31929,36.37682]]]}},{"type":"Feature","properties":{"ProvincNam":"کرمان","ADM1_FA":"کرمان","Name":"کرمان"},"geometry":{"type":"Polygon","coordinates":[[[58.29074,31.54395],[58.4868,31.4038],[58.60233,31.29387],[58.77353,31.16852],[58.88723,31.09793],[59.06826,31.0065],[59.07609,30.98553],[59.07929,30.91198],[59.20363,30.80972],[59.3391,30.65115],[59.46894,30.51759],[59.47393,30.50364],[59.43315,30.24752],[59.45473,30.01012],[59.43558,29.93627],[59.43318,29.87602],[59.46269,29.379],[59.50849,29.20311],[59.5676,29.09215],[59.56389,29.07862],[59.49918,29.00067],[59.49513,28.97024],[59.53748,28.85632],[59.55876,28.76599],[59.56028,28.6983],[59.54355,28.64365],[59.55966,28.56119],[59.55857,28.4894],[59.55275,28.47832],[59.53264,28.47307],[59.34419,28.4846],[59.24728,28.48066],[59.16219,28.46113],[59.05774,28.41728],[59.12187,28.3524],[59.12221,28.29689],[59.15357,28.25321],[59.14352,28.14362],[59.1309,28.11918],[59.11765,28.11364],[59.03347,28.11592],[59.00891,28.10798],[58.94392,28.06092],[58.92239,28.03328],[58.9201,28.00725],[58.93372,27.99863],[58.9321,27.97512],[58.89088,27.8926],[58.90545,27.73004],[58.90074,27.57176],[58.84801,27.34433],[58.83278,27.20327],[58.85534,27.08925],[58.87832,27.04413],[58.91463,27.0003],[58.86097,26.90457],[58.85282,26.867],[58.85518,26.83237],[58.88521,26.79819],[58.99238,26.75952],[58.9997,26.67337],[59.0232,26.64287],[59.00343,26.6097],[59.00151,26.59138],[59.04002,26.55137],[59.03504,26.53901],[59.00858,26.53139],[59.01034,26.50602],[58.99533,26.49671],[58.92488,26.51686],[58.84455,26.4827],[58.69004,26.53217],[58.60024,26.58183],[58.52007,26.65451],[58.48676,26.69987],[58.42054,26.7386],[58.35523,26.75794],[58.19278,26.77883],[58.12401,26.83531],[58.09352,26.84203],[58.05285,26.86667],[57.99664,26.91561],[57.79992,26.94288],[57.78041,26.95657],[57.74891,27.00497],[57.59924,27.10253],[57.57783,27.12857],[57.55013,27.18758],[57.43934,27.23472],[57.39982,27.25944],[57.3381,27.32056],[57.31736,27.3588],[57.32632,27.41934],[57.31599,27.45662],[57.318,27.48818],[57.36323,27.57119],[57.3053,27.59568],[57.25454,27.56247],[57.23572,27.55991],[57.22384,27.56896],[57.24235,27.61112],[57.3159,27.69852],[57.4753,27.79245],[57.42746,27.80926],[57.42075,27.82384],[57.4197,27.88748],[57.41193,27.89346],[57.18868,27.8985],[57.00727,27.97507],[57.00006,28.24614],[56.76898,28.26835],[56.74254,28.25413],[56.66202,28.14432],[56.45113,28.13188],[56.38203,28.13622],[56.25593,28.16277],[56.16757,28.19843],[56.1188,28.22918],[56.06125,28.29784],[56.04246,28.38059],[56.03909,28.50446],[56.06279,28.70433],[56.05032,28.85398],[56.05663,28.87894],[56.00348,28.87641],[55.93533,28.85979],[55.80089,28.81481],[55.64818,28.73961],[55.58327,28.72138],[55.53284,28.69737],[55.45303,28.69679],[55.39964,28.72329],[55.35127,28.73683],[55.25087,28.74783],[55.25271,28.85423],[55.23758,28.87935],[55.19794,28.90996],[55.11491,28.9412],[55.05529,28.98677],[55.06085,29.07226],[55.1022,29.13379],[55.16526,29.18796],[55.18449,29.24005],[55.11726,29.3111],[55.00084,29.38655],[54.94638,29.45992],[54.8263,29.58775],[54.76306,29.60955],[54.60449,29.61065],[54.56456,29.62531],[54.54115,29.9977],[54.55031,30.02249],[54.55596,30.17559],[54.54557,30.19632],[54.51227,30.22888],[54.41282,30.30004],[54.34287,30.38142],[54.34469,30.39336],[54.3664,30.41174],[54.46593,30.46794],[54.50791,30.50317],[54.56079,30.58301],[54.56804,30.64628],[54.55753,30.68826],[54.55708,30.75029],[54.52685,30.98592],[54.54576,31.01651],[54.72972,31.06939],[54.95088,31.02592],[55.02294,31.05204],[55.17427,31.07731],[55.25194,31.10211],[55.49116,31.18393],[55.61054,31.24914],[55.68266,31.2601],[55.74982,31.28232],[55.93896,31.37443],[55.96083,31.4224],[56.01377,31.46574],[56.02291,31.49099],[56.02474,31.55392],[56.03856,31.57305],[56.12359,31.59029],[56.13981,31.58573],[56.16573,31.55249],[56.26162,31.55649],[56.33614,31.58761],[56.46423,31.67076],[56.5383,31.70765],[56.58336,31.71205],[56.58022,31.74294],[56.60717,31.85282],[56.60609,31.92186],[56.62299,31.92974],[56.742,31.95018],[56.86387,31.96069],[56.9979,31.9447],[57.05663,31.91729],[57.11459,31.90125],[57.22714,31.88417],[57.34202,31.84609],[57.4876,31.82758],[57.70836,31.75591],[57.93519,31.70328],[58.1088,31.63778],[58.29074,31.54395]]]}},{"type":"Feature","properties":{"ProvincNam":"کرمانشاه","ADM1_FA":"کرمانشاه","Name":"کرمانشاه"},"geometry":{"type":"Polygon","coordinates":[[[46.25783,35.21794],[46.33184,35.17642],[46.37375,35.16471],[46.46684,35.05159],[46.50164,35.03412],[46.54399,34.93651],[46.56357,34.91882],[46.6359,34.87361],[46.74821,34.83716],[46.73411,34.7892],[46.76805,34.74474],[46.78333,34.73723],[46.88795,34.76144],[46.93345,34.74903],[46.96129,34.75729],[47.01683,34.74454],[47.04305,34.76064],[47.06921,34.75177],[47.09574,34.75653],[47.0978,34.7665],[47.06124,34.78177],[47.08081,34.79776],[47.11735,34.78809],[47.12946,34.80415],[47.07354,34.84815],[47.08069,34.88859],[47.09806,34.89097],[47.11638,34.9056],[47.17492,34.9018],[47.17813,34.93178],[47.16207,34.95986],[47.17087,34.97021],[47.18967,34.96771],[47.19395,34.94605],[47.21382,34.93511],[47.24725,34.95248],[47.26762,34.94482],[47.27238,34.92693],[47.30683,34.92912],[47.33434,34.94482],[47.33777,34.95767],[47.30912,34.98156],[47.31243,34.98941],[47.3342,34.99893],[47.34555,35.01453],[47.38698,35.01924],[47.39074,35.05072],[47.43295,35.06019],[47.49741,35.04828],[47.52136,35.06355],[47.56297,35.0621],[47.5905,35.071],[47.67319,35.06803],[47.72442,35.05636],[47.75812,35.05997],[47.77349,35.04708],[47.80042,35.04094],[47.84244,35.00453],[47.8417,34.99806],[47.80279,34.98207],[47.83428,34.9423],[47.87413,34.92326],[47.92088,34.93403],[47.92908,34.92281],[47.91714,34.8923],[47.90014,34.87843],[47.85165,34.85201],[47.80678,34.8475],[47.80267,34.83802],[47.80506,34.82386],[47.85681,34.76472],[47.86956,34.70839],[47.86703,34.68125],[47.85581,34.66195],[47.86667,34.64133],[47.87837,34.62915],[47.96605,34.6195],[48.00324,34.58819],[48.02388,34.59666],[48.03659,34.58972],[48.04031,34.61998],[48.04899,34.62422],[48.08953,34.57679],[48.08668,34.55408],[48.10424,34.52101],[48.09068,34.48876],[48.10562,34.4635],[48.08361,34.41587],[48.06185,34.40981],[48.04643,34.3908],[47.99807,34.40065],[48.0,34.36884],[47.9634,34.34846],[47.94996,34.31634],[47.89989,34.26892],[47.89812,34.25678],[47.85655,34.28396],[47.8365,34.3249],[47.78065,34.34923],[47.75084,34.37125],[47.71191,34.37886],[47.69888,34.37127],[47.68883,34.34602],[47.71005,34.29158],[47.70277,34.27321],[47.6509,34.22676],[47.61354,34.2201],[47.58318,34.18569],[47.52386,34.15289],[47.51746,34.14185],[47.53664,34.13249],[47.53524,34.1195],[47.49409,34.06128],[47.43796,34.08558],[47.4353,34.06076],[47.45822,34.02501],[47.47318,34.01732],[47.47794,34.00475],[47.48735,34.00709],[47.51402,33.97334],[47.51082,33.94753],[47.48942,33.93893],[47.42219,33.95248],[47.39348,33.93169],[47.35648,33.954],[47.31886,33.96162],[47.31666,33.94844],[47.38298,33.88182],[47.38846,33.85959],[47.36493,33.85037],[47.34233,33.81516],[47.31561,33.81944],[47.30002,33.78957],[47.21327,33.80379],[47.18855,33.8163],[47.13766,33.81613],[47.1074,33.84177],[47.09752,33.82675],[47.05155,33.83583],[47.0339,33.81596],[46.99889,33.81413],[46.99946,33.78049],[46.97976,33.74212],[46.92528,33.77084],[46.90541,33.74766],[46.86309,33.73452],[46.76795,33.77335],[46.75876,33.77101],[46.74608,33.74794],[46.73059,33.74478],[46.69543,33.76012],[46.67068,33.79563],[46.61519,33.83836],[46.49965,33.90223],[46.29397,33.99778],[46.2873,33.99379],[46.28464,33.95979],[46.26986,33.954],[46.14476,33.99078],[46.07227,34.03502],[46.05324,34.03738],[46.01479,33.98986],[45.96803,33.97189],[45.91664,33.96931],[45.86699,33.99063],[45.85946,33.98728],[45.83981,33.95438],[45.84682,33.93002],[45.94357,33.88054],[45.93016,33.86646],[45.93427,33.84613],[45.90827,33.84289],[45.87246,33.85687],[45.85277,33.84928],[45.84395,33.84065],[45.84897,33.80844],[45.79018,33.73598],[45.76117,33.71766],[45.76295,33.70999],[45.71767,33.71163],[45.70685,33.70227],[45.68496,33.69989],[45.67315,33.68557],[45.64615,33.7172],[45.63915,33.75422],[45.60555,33.8],[45.53374,33.85868],[45.51204,33.89575],[45.49957,33.94087],[45.45812,33.92859],[45.42833,33.94196],[45.40378,33.96637],[45.42043,33.99122],[45.46579,34.02449],[45.47074,34.05742],[45.45765,34.06489],[45.4637,34.07441],[45.47969,34.08012],[45.49744,34.10544],[45.51589,34.11706],[45.52052,34.11329],[45.56907,34.15077],[45.54818,34.19765],[45.57416,34.23938],[45.58206,34.28636],[45.56193,34.32557],[45.53186,34.35146],[45.52539,34.34503],[45.50135,34.35084],[45.48687,34.33744],[45.45988,34.38393],[45.44865,34.43195],[45.43604,34.44147],[45.431,34.45884],[45.46122,34.47864],[45.49724,34.47226],[45.51261,34.48235],[45.52004,34.52689],[45.50785,34.54888],[45.52779,34.60303],[45.5514,34.59118],[45.55192,34.57876],[45.56544,34.56344],[45.59806,34.55007],[45.68513,34.56232],[45.71237,34.54209],[45.73733,34.53879],[45.7305,34.5555],[45.73421,34.584],[45.7182,34.60872],[45.72503,34.62034],[45.70511,34.66785],[45.69393,34.6729],[45.69559,34.69353],[45.64843,34.72332],[45.65971,34.73079],[45.6748,34.76251],[45.69519,34.77165],[45.68743,34.78266],[45.69847,34.7909],[45.68367,34.81305],[45.73259,34.84743],[45.73288,34.8313],[45.7572,34.82913],[45.7744,34.84146],[45.79165,34.8594],[45.78371,34.90349],[45.78851,34.90996],[45.81897,34.91061],[45.83427,34.89861],[45.86103,34.89573],[45.86782,34.90458],[45.86469,34.92547],[45.89252,34.95831],[45.88507,34.98212],[45.8935,34.99707],[45.88648,35.0307],[45.91052,35.04211],[45.94171,35.04187],[45.93272,35.0541],[45.9361,35.08951],[45.94245,35.08078],[45.95634,35.08636],[46.00756,35.05968],[46.02693,35.0658],[46.07161,35.03336],[46.09395,35.05036],[46.07846,35.05612],[46.08988,35.08115],[46.13191,35.07407],[46.1718,35.08499],[46.20034,35.10479],[46.2021,35.11302],[46.16965,35.12444],[46.1667,35.157],[46.17388,35.16837],[46.20957,35.18374],[46.21457,35.1994],[46.19725,35.22376],[46.17112,35.22134],[46.12272,35.23609],[46.16998,35.28154],[46.25783,35.21794]]]}},{"type":"Feature","properties":{"ProvincNam":"کهگیلویه و بویراحمد","ADM1_FA":"کهگیلویه و بویراحمد","Name":"کهگیلویه و بویراحمد"},"geometry":{"type":"Polygon","coordinates":[[[50.39285,31.41584],[50.47846,31.424],[50.49848,31.44597],[50.51337,31.45076],[50.53763,31.43765],[50.55056,31.43884],[50.58507,31.4082],[50.61291,31.4201],[50.64227,31.41748],[50.64917,31.42691],[50.65498,31.41739],[50.68786,31.41206],[50.732,31.38094],[50.73776,31.36519],[50.79858,31.31308],[50.8299,31.30932],[50.83708,31.30014],[50.86973,31.28943],[50.89985,31.3058],[50.93364,31.29942],[50.97571,31.26084],[50.9808,31.23509],[51.0007,31.20913],[51.03682,31.18125],[51.05704,31.18291],[51.07352,31.1966],[51.14308,31.15485],[51.16781,31.15285],[51.16621,31.1654],[51.1866,31.18813],[51.1822,31.20766],[51.22726,31.22656],[51.25707,31.2076],[51.31771,31.20269],[51.32918,31.19321],[51.32696,31.1317],[51.34403,31.07237],[51.37936,30.99557],[51.51986,30.87554],[51.59714,30.82926],[51.72199,30.73034],[51.78898,30.70322],[51.84191,30.66604],[51.88874,30.6099],[51.89388,30.593],[51.88826,30.58208],[51.83817,30.52331],[51.83576,30.49941],[51.85021,30.47046],[51.8457,30.45607],[51.77569,30.38457],[51.7529,30.37383],[51.72674,30.38051],[51.69516,30.40438],[51.64474,30.42511],[51.62492,30.44767],[51.58015,30.42409],[51.52217,30.44005],[51.45561,30.47116],[51.38857,30.47211],[51.35805,30.51007],[51.35739,30.56307],[51.25698,30.61108],[51.22022,30.65331],[51.17493,30.65249],[51.16341,30.63997],[51.16193,30.61451],[51.13733,30.59938],[51.1452,30.5663],[51.17536,30.53929],[51.20385,30.47737],[51.29945,30.38487],[51.29588,30.37559],[51.27316,30.37243],[51.24615,30.35191],[51.2399,30.33496],[51.24323,30.31551],[51.27423,30.29403],[51.27149,30.2819],[51.23663,30.25132],[51.20076,30.23901],[51.18368,30.20981],[51.15185,30.21059],[51.14347,30.21933],[51.13347,30.21285],[51.13811,30.20428],[51.11866,30.20232],[51.10819,30.18989],[51.10218,30.20149],[51.09189,30.19316],[51.08463,30.20137],[51.06494,30.20262],[51.0534,30.18507],[51.02884,30.18013],[51.02194,30.18768],[50.96083,30.15459],[50.93928,30.12335],[50.9347,30.07704],[50.92043,30.03892],[50.90339,30.01926],[50.86708,29.99809],[50.85886,29.96991],[50.82631,29.96455],[50.77225,29.99169],[50.68986,29.99702],[50.6725,29.98042],[50.63173,29.97231],[50.58842,29.9303],[50.56948,29.9342],[50.53559,29.97494],[50.55245,30.08153],[50.58482,30.11506],[50.58689,30.13159],[50.57369,30.1475],[50.5249,30.16779],[50.52005,30.18218],[50.51364,30.2334],[50.52377,30.39097],[50.45381,30.43229],[50.38645,30.52343],[50.50458,30.52627],[50.55334,30.56226],[50.53308,30.60571],[50.52203,30.61809],[50.4244,30.66821],[50.41003,30.72282],[50.37482,30.72824],[50.34178,30.70963],[50.3262,30.70914],[50.24171,30.76174],[50.23372,30.77292],[50.24752,30.79013],[50.24566,30.82496],[50.22884,30.84491],[50.22627,30.89119],[50.21736,30.90082],[50.19132,30.90043],[50.11446,30.84017],[50.0588,30.83565],[50.014,30.85915],[49.96755,30.86836],[49.95245,30.88869],[49.95515,30.92722],[49.93616,30.938],[49.92418,30.92731],[49.89664,30.9524],[49.89108,30.96753],[49.93065,30.99055],[49.95654,31.01642],[49.96311,31.06311],[49.94436,31.08333],[49.97282,31.09875],[49.9909,31.12378],[49.95611,31.20197],[49.9554,31.23005],[49.96387,31.24471],[50.15441,31.27253],[50.17821,31.29519],[50.19962,31.34311],[50.28342,31.3344],[50.30658,31.35708],[50.26996,31.38786],[50.25094,31.42692],[50.26528,31.45302],[50.29731,31.48055],[50.36059,31.42395],[50.39285,31.41584]]]}},{"type":"Feature","properties":{"ProvincNam":"گلستان","ADM1_FA":"گلستان","Name":"گلستان"},"geometry":{"type":"MultiPolygon","coordinates":[[[[55.82057,38.12399],[55.87958,38.0932],[55.96039,38.09263],[55.98204,38.07549],[56.03882,38.0753],[56.15879,38.09106],[56.17392,38.09106],[56.20661,38.07102],[56.29727,38.08187],[56.29662,38.03684],[56.31204,38.01523],[56.31328,37.91252],[56.28234,37.86521],[56.23202,37.86486],[56.21906,37.85801],[56.12521,37.63576],[56.06182,37.57008],[56.06268,37.5165],[56.009,37.45558],[55.99977,37.42132],[56.00662,37.38506],[56.01928,37.36583],[55.94666,37.33937],[55.82807,37.325],[55.73003,37.27846],[55.72013,37.26142],[55.71052,37.19965],[55.69263,37.16405],[55.64618,37.12113],[55.61258,37.07249],[55.58688,36.97081],[55.56124,36.92096],[55.53733,36.90645],[55.4985,36.89819],[55.39858,36.81513],[55.00994,36.76442],[54.90682,36.65962],[54.80213,36.6044],[54.77048,36.59755],[54.70124,36.62948],[54.64837,36.6172],[54.58679,36.55305],[54.51935,36.51826],[54.45216,36.51522],[54.37754,36.52369],[54.33519,36.51272],[54.18895,36.5071],[54.12828,36.49569],[54.13227,36.57084],[54.11829,36.60228],[54.09577,36.6195],[54.04725,36.64216],[53.98249,36.65369],[53.94503,36.67904],[53.87003,36.66991],[53.85004,36.68161],[53.84966,36.7391],[53.85565,36.74862],[53.84907,36.78525],[53.91988,36.78586],[53.95886,36.79763],[54.01002,36.80009],[54.03155,36.80854],[54.04366,36.84309],[54.03595,36.9593],[53.97324,36.97872],[54.01687,37.02155],[53.93708,37.23348],[53.90482,37.34558],[54.00836,37.34698],[54.25174,37.32541],[54.29878,37.35677],[54.35498,37.35315],[54.4101,37.36774],[54.49972,37.42395],[54.59222,37.45977],[54.66619,37.43862],[54.68892,37.44548],[54.71045,37.4565],[54.72987,37.47963],[54.78054,37.50159],[54.7802,37.51296],[54.7903,37.52124],[54.80738,37.52627],[54.80407,37.54808],[54.82834,37.60085],[54.82388,37.61672],[54.80053,37.62095],[54.79613,37.64396],[54.8124,37.66104],[54.80886,37.67823],[54.82994,37.70158],[54.82394,37.70678],[54.83399,37.72648],[54.84393,37.72643],[54.88299,37.76812],[54.90057,37.76835],[54.92327,37.78586],[54.96301,37.79979],[54.96537,37.81106],[55.00459,37.82484],[55.03596,37.85423],[55.04365,37.88066],[55.14385,37.94903],[55.17256,37.96122],[55.20476,37.95444],[55.23431,37.97622],[55.32218,38.01154],[55.43044,38.08182],[55.45736,38.08782],[55.49117,38.07775],[55.52978,38.09497],[55.59358,38.10691],[55.66643,38.10908],[55.6879,38.10209],[55.75954,38.12247],[55.78545,38.1179],[55.82057,38.12399]]],[[[54.0154,36.92694],[54.01645,36.90238],[53.94906,36.90163],[53.91725,36.8962],[53.91107,36.88821],[53.87126,36.88866],[53.81404,36.87675],[53.79123,36.90048],[53.90793,36.90968],[54.02284,36.94241],[54.027,36.93676],[54.0154,36.92694]]]]}},{"type":"Feature","properties":{"ProvincNam":"گیلان","ADM1_FA":"گیلان","Name":"گیلان"},"geometry":{"type":"Polygon","coordinates":[[[48.62557,38.40282],[48.67491,38.39718],[48.74199,38.41732],[48.78463,38.44606],[48.83203,38.44949],[48.87638,38.43902],[48.86358,38.35561],[48.87358,38.22627],[48.90134,38.16001],[48.89967,38.09648],[48.91288,38.01058],[48.9205,37.99507],[48.9387,37.98829],[48.95446,37.96093],[48.94618,37.91657],[48.95199,37.88726],[48.98577,37.82758],[48.9873,37.78999],[49.02065,37.73225],[49.0906,37.65706],[49.16686,37.59995],[49.26775,37.54201],[49.4016,37.49454],[49.58536,37.46479],[49.82948,37.44405],[49.87242,37.44803],[49.91053,37.46636],[49.94358,37.4689],[49.95829,37.44393],[49.95166,37.43742],[49.95226,37.44513],[49.93249,37.4428],[49.98389,37.41984],[50.17359,37.39346],[50.20249,37.37918],[50.21882,37.35908],[50.21628,37.33224],[50.22449,37.30035],[50.30123,37.15069],[50.3249,37.12832],[50.37999,37.09965],[50.46779,37.03837],[50.48445,37.02005],[50.60155,36.96318],[50.52587,36.89489],[50.51688,36.87191],[50.50498,36.86843],[50.49251,36.87843],[50.43579,36.85387],[50.42934,36.79909],[50.43748,36.74884],[50.43315,36.72509],[50.36244,36.63604],[50.31729,36.64084],[50.26643,36.66817],[50.22485,36.67974],[50.18366,36.6719],[50.04935,36.60733],[49.98706,36.60916],[49.93521,36.6221],[49.87049,36.59241],[49.78186,36.56865],[49.71051,36.57482],[49.63993,36.60131],[49.50341,36.60069],[49.47075,36.61925],[49.44719,36.65808],[49.39888,36.68703],[49.34463,36.73915],[49.30972,36.79089],[49.23367,36.85843],[49.21688,36.902],[49.17502,36.91577],[49.14201,36.94837],[49.07711,37.05198],[49.03797,37.07339],[48.9341,37.15917],[48.93456,37.18006],[48.90053,37.23317],[48.91743,37.29359],[48.91275,37.31369],[48.88431,37.33893],[48.82709,37.36977],[48.75342,37.43693],[48.69574,37.51128],[48.67975,37.56188],[48.68832,37.58152],[48.62424,37.63452],[48.61259,37.65097],[48.61225,37.67255],[48.59889,37.68637],[48.60346,37.70488],[48.64218,37.72029],[48.64355,37.75342],[48.65691,37.77866],[48.63018,37.79191],[48.60974,37.78848],[48.59249,37.80207],[48.57285,37.90669],[48.58327,37.93112],[48.60154,37.94224],[48.59774,37.96935],[48.62157,38.01508],[48.61674,38.03349],[48.63389,38.08817],[48.63412,38.11291],[48.6433,38.12601],[48.68213,38.14783],[48.68387,38.15753],[48.66834,38.17232],[48.66654,38.18643],[48.68727,38.21958],[48.67268,38.23937],[48.66838,38.29225],[48.64498,38.28923],[48.63099,38.2984],[48.57165,38.36714],[48.57141,38.44036],[48.58232,38.45551],[48.60471,38.41424],[48.62557,38.40282]]]}},{"type":"Feature","properties":{"ProvincNam":"لرستان","ADM1_FA":"لرستان","Name":"لرستان"},"geometry":{"type":"Polygon","coordinates":[[[47.91142,34.24004],[47.95077,34.24787],[48.0,34.2228],[48.04877,34.21701],[48.07052,34.2014],[48.10709,34.14896],[48.13036,34.14616],[48.14622,34.13407],[48.17974,34.08639],[48.24538,34.05105],[48.30909,34.05635],[48.30713,34.02176],[48.38617,34.00076],[48.484,34.00755],[48.52564,34.04991],[48.52314,34.07073],[48.53355,34.10733],[48.5534,34.10112],[48.56468,34.06786],[48.59286,34.062],[48.62789,34.09537],[48.67602,34.07919],[48.7176,34.0899],[48.72587,34.09971],[48.72355,34.12273],[48.743,34.11673],[48.78003,34.06688],[48.85245,34.03507],[48.86535,34.00052],[48.91224,34.00212],[48.92509,34.02474],[48.93942,34.02462],[48.95929,34.0015],[49.02331,34.02034],[49.07505,34.01275],[49.09222,33.99825],[49.05042,33.99071],[49.04738,33.97429],[49.02805,33.96127],[49.01144,33.96926],[48.98598,33.96645],[48.95447,33.93495],[48.94934,33.89635],[48.99407,33.89883],[49.00221,33.88931],[48.98465,33.88008],[48.99708,33.85577],[48.98754,33.85445],[48.96595,33.8287],[48.98805,33.81168],[48.97715,33.79375],[48.97909,33.77028],[49.00027,33.75966],[48.99833,33.73008],[49.01621,33.68222],[49.04036,33.69301],[49.06355,33.67651],[49.06709,33.70683],[49.07411,33.71174],[49.11289,33.70329],[49.12958,33.71212],[49.17521,33.68985],[49.19887,33.63512],[49.19477,33.61756],[49.20957,33.60209],[49.2338,33.60885],[49.27577,33.59505],[49.29081,33.6424],[49.30613,33.64768],[49.34073,33.64216],[49.34568,33.66477],[49.36928,33.6849],[49.35453,33.70179],[49.34953,33.72801],[49.36938,33.72616],[49.39417,33.74234],[49.42215,33.71773],[49.42149,33.68994],[49.4411,33.69575],[49.52338,33.68516],[49.54238,33.68779],[49.56768,33.71875],[49.60029,33.7168],[49.59943,33.73051],[49.6168,33.74233],[49.63152,33.71991],[49.63408,33.69499],[49.60005,33.67441],[49.59904,33.65031],[49.63426,33.62926],[49.65121,33.58577],[49.67721,33.57209],[49.71557,33.56495],[49.76836,33.5171],[49.78549,33.49084],[49.799,33.44081],[49.9185,33.4024],[49.93163,33.38601],[49.94882,33.38646],[49.97279,33.37158],[50.01008,33.37503],[50.02031,33.36658],[49.99482,33.32034],[50.00003,33.30014],[49.93724,33.24689],[49.94505,33.22814],[49.92125,33.23242],[49.88423,33.21691],[49.86833,33.18959],[49.88832,33.14315],[49.87615,33.12745],[49.91774,33.09997],[49.91936,33.07052],[49.90056,33.06053],[49.86094,33.06707],[49.84202,33.04982],[49.76588,33.06267],[49.71877,33.08218],[49.68319,33.06624],[49.66261,33.04684],[49.66285,33.01841],[49.6506,33.01044],[49.6815,32.99384],[49.70112,32.99293],[49.70796,32.98187],[49.68177,32.9705],[49.65051,32.97956],[49.63894,32.97268],[49.68659,32.89757],[49.70515,32.89371],[49.75095,32.85594],[49.74399,32.84169],[49.74667,32.8239],[49.73431,32.80808],[49.67235,32.78227],[49.59011,32.78986],[49.57752,32.73832],[49.54377,32.7373],[49.51409,32.72353],[49.50228,32.74338],[49.43969,32.77051],[49.41873,32.80226],[49.36779,32.84398],[49.3219,32.83807],[49.27214,32.84925],[49.25906,32.85927],[49.21671,32.84975],[49.17517,32.88029],[49.14138,32.86606],[49.11356,32.88638],[49.09365,32.88117],[49.06747,32.90016],[49.01555,32.89764],[49.00677,32.90256],[49.00661,32.91268],[48.98591,32.9093],[48.95669,32.89039],[48.93166,32.89502],[48.90211,32.88284],[48.85515,32.90836],[48.83006,32.9463],[48.76585,32.96623],[48.75936,32.95355],[48.76676,32.92399],[48.73867,32.89683],[48.73211,32.90038],[48.71573,32.89036],[48.70615,32.93464],[48.62627,32.97669],[48.57834,32.97214],[48.54629,32.97968],[48.50587,32.96129],[48.40519,32.9602],[48.28643,32.99615],[48.25214,32.9783],[48.18309,32.9018],[48.16648,32.90009],[48.14207,32.91544],[48.12979,32.91327],[48.12627,32.87092],[48.10647,32.84877],[48.10652,32.83725],[48.04934,32.80836],[48.05401,32.78683],[48.06533,32.78716],[48.05208,32.77046],[48.06526,32.7632],[48.05808,32.75589],[48.0606,32.73793],[48.07906,32.73053],[48.08489,32.71973],[48.06307,32.70764],[48.08377,32.70179],[48.08808,32.68856],[48.0669,32.67197],[47.99975,32.67349],[47.998,32.66247],[47.98561,32.65471],[47.96685,32.65801],[47.952,32.67415],[47.94957,32.69189],[47.9083,32.72494],[47.92231,32.73232],[47.93639,32.7605],[48.00233,32.76849],[48.00881,32.78928],[47.9948,32.84281],[47.98193,32.84425],[47.96335,32.87562],[47.94393,32.88331],[47.9351,32.89938],[47.89117,32.91309],[47.86848,32.94057],[47.84685,32.93707],[47.81274,32.97111],[47.77421,32.97918],[47.75137,32.99768],[47.74434,32.99334],[47.72567,33.00459],[47.70722,33.00311],[47.65389,33.03577],[47.63921,33.03389],[47.6138,33.04931],[47.60392,33.04748],[47.56303,33.08848],[47.5568,33.08174],[47.54293,33.08386],[47.53402,33.10499],[47.51357,33.10419],[47.4869,33.14365],[47.44664,33.15341],[47.44447,33.17106],[47.42523,33.179],[47.4302,33.18179],[47.40656,33.20218],[47.3997,33.19818],[47.38114,33.21263],[47.36692,33.20258],[47.35761,33.22011],[47.34231,33.21737],[47.33957,33.22725],[47.31992,33.22177],[47.31815,33.23302],[47.30667,33.22959],[47.29525,33.24061],[47.27995,33.23376],[47.2615,33.25447],[47.25457,33.24518],[47.24163,33.24958],[47.23232,33.2746],[47.20485,33.28071],[47.21005,33.30469],[47.20188,33.29904],[47.18549,33.30441],[47.18526,33.31508],[47.16739,33.32194],[47.15574,33.33707],[47.14614,33.34095],[47.11673,33.3321],[47.10937,33.34775],[47.08647,33.35026],[47.0285,33.38624],[47.01475,33.38437],[47.01235,33.40133],[47.02737,33.40847],[47.02954,33.42092],[47.01544,33.43594],[47.0007,33.43559],[46.99813,33.4465],[46.98985,33.4425],[46.9665,33.46186],[46.92041,33.47848],[46.90962,33.49676],[46.86382,33.51971],[46.8649,33.52908],[46.84075,33.55175],[46.84309,33.57345],[46.86753,33.58059],[46.84815,33.61023],[46.8836,33.61989],[46.9103,33.6147],[46.93942,33.62194],[46.97278,33.60818],[46.99824,33.58306],[47.00633,33.59333],[47.0396,33.58482],[47.02375,33.62731],[47.07336,33.68849],[47.06337,33.69792],[47.06856,33.71185],[47.08981,33.69917],[47.11162,33.70888],[47.1593,33.70466],[47.1822,33.72413],[47.20134,33.7279],[47.20785,33.71939],[47.23674,33.73195],[47.24394,33.72738],[47.24919,33.74286],[47.26153,33.74663],[47.28169,33.73001],[47.30721,33.72379],[47.35094,33.73469],[47.4133,33.73637],[47.42921,33.76782],[47.45129,33.77436],[47.44398,33.78518],[47.45426,33.78594],[47.45944,33.80627],[47.48548,33.82797],[47.51084,33.82477],[47.51632,33.83573],[47.50015,33.89709],[47.50769,33.90617],[47.48205,33.93101],[47.485,33.94008],[47.51082,33.94753],[47.51546,33.96885],[47.48735,34.00709],[47.47794,34.00475],[47.47318,34.01732],[47.45822,34.02501],[47.4353,34.06076],[47.4369,34.08314],[47.45819,34.08117],[47.49409,34.06128],[47.53524,34.1195],[47.53664,34.13249],[47.51746,34.14185],[47.52386,34.15289],[47.58318,34.18569],[47.61354,34.2201],[47.6509,34.22676],[47.70277,34.27321],[47.71005,34.29158],[47.69487,34.31828],[47.68878,34.34969],[47.70648,34.37648],[47.75084,34.37125],[47.78065,34.34923],[47.8365,34.3249],[47.85655,34.28396],[47.91142,34.24004]]]}},{"type":"Feature","properties":{"ProvincNam":"مازندران","ADM1_FA":"مازندران","Name":"مازندران"},"geometry":{"type":"MultiPolygon","coordinates":[[[[50.69348,36.90608],[50.95415,36.78318],[51.10057,36.73261],[51.28151,36.69749],[51.42608,36.68559],[51.46368,36.66446],[51.49909,36.6598],[51.50185,36.65332],[51.57951,36.62886],[51.59084,36.61773],[51.65899,36.59784],[51.90693,36.57052],[52.06559,36.58851],[52.43583,36.68197],[52.8115,36.73546],[53.19812,36.83064],[53.39589,36.85958],[53.79123,36.90048],[53.80835,36.8767],[53.77288,36.87811],[53.73416,36.86439],[53.68652,36.85896],[53.60367,36.86894],[53.55601,36.85945],[53.59351,36.84225],[53.58333,36.83723],[53.58525,36.82725],[53.56931,36.82131],[53.52264,36.83167],[53.47081,36.82819],[53.50021,36.80924],[53.58658,36.80299],[53.65191,36.77633],[53.65224,36.78888],[53.66433,36.79916],[53.71325,36.78983],[53.79721,36.79381],[53.84907,36.78525],[53.85565,36.74862],[53.84966,36.7391],[53.85299,36.67762],[53.87821,36.66979],[53.94503,36.67904],[53.98249,36.65369],[54.04725,36.64216],[54.09577,36.6195],[54.11829,36.60228],[54.13227,36.57084],[54.12828,36.49569],[54.02219,36.45204],[53.96116,36.44726],[53.92758,36.4347],[53.89111,36.39723],[53.87616,36.36866],[53.94629,36.31685],[53.94796,36.29811],[53.92957,36.26488],[53.89047,36.22658],[53.77636,36.17366],[53.73746,36.13544],[53.68956,36.10498],[53.6521,36.0931],[53.42961,36.07589],[53.38484,36.06493],[53.23251,35.97231],[53.22578,35.96203],[53.23463,35.93816],[53.22658,35.92462],[53.06093,35.91126],[53.02167,35.88742],[53.02088,35.85135],[52.99749,35.83596],[52.97665,35.8303],[52.92131,35.8367],[52.76932,35.90399],[52.68267,35.93315],[52.61057,35.94092],[52.50093,35.93728],[52.44247,35.91241],[52.38079,35.84905],[52.28686,35.81611],[52.24803,35.77467],[52.19832,35.76532],[52.09067,35.76384],[52.00597,35.78807],[51.97237,35.81315],[51.91969,35.83256],[51.89076,35.85369],[51.82942,35.93697],[51.75792,36.00628],[51.58142,36.09255],[51.49599,36.11631],[51.43873,36.1505],[51.31487,36.15473],[51.25647,36.18321],[51.20325,36.16387],[50.98842,36.25443],[50.86895,36.29052],[50.85483,36.29779],[50.86273,36.31911],[50.86264,36.36399],[50.85417,36.38541],[50.80663,36.43456],[50.7309,36.46731],[50.66793,36.50858],[50.58059,36.53066],[50.53141,36.57033],[50.46166,36.60512],[50.36244,36.63604],[50.43315,36.72509],[50.43748,36.74884],[50.42934,36.79909],[50.43579,36.85387],[50.49251,36.87843],[50.50498,36.86843],[50.51688,36.87191],[50.52587,36.89489],[50.60155,36.96318],[50.66065,36.93951],[50.69348,36.90608]]],[[[53.60355,36.85755],[53.63423,36.85362],[53.63769,36.8438],[53.5952,36.84896],[53.60355,36.85755]]],[[[53.62648,36.80909],[53.6103,36.81023],[53.60096,36.81495],[53.61405,36.8215],[53.62648,36.80909]]],[[[53.64067,36.80909],[53.63146,36.80744],[53.62967,36.80937],[53.64067,36.80909]]]]}},{"type":"Feature","properties":{"ProvincNam":"مرکزی","ADM1_FA":"مرکزی","Name":"مرکزی"},"geometry":{"type":"Polygon","coordinates":[[[50.35803,35.56833],[50.64242,35.54426],[50.78343,35.4863],[50.89327,35.48522],[50.96743,35.45352],[50.98354,35.43559],[50.98388,35.42223],[50.91124,35.22715],[50.87115,35.17187],[50.81621,35.14172],[50.78128,35.09777],[50.67293,35.0115],[50.66071,34.98294],[50.69326,34.95382],[50.70868,34.86835],[50.62987,34.86568],[50.58633,34.85319],[50.51856,34.86461],[50.49372,34.85795],[50.46221,34.83388],[50.43568,34.75835],[50.40594,34.75008],[50.34657,34.75716],[50.26053,34.80933],[50.16733,34.81761],[50.12915,34.75527],[50.12736,34.71006],[50.10622,34.66759],[50.11924,34.64629],[50.11963,34.62264],[50.0972,34.56957],[50.16435,34.5031],[50.16695,34.49084],[50.15388,34.47085],[50.27748,34.45108],[50.30657,34.43348],[50.34544,34.43826],[50.34551,34.40204],[50.36161,34.38087],[50.37682,34.33697],[50.40523,34.3167],[50.43142,34.28101],[50.44377,34.24895],[50.44081,34.20937],[50.45642,34.19764],[50.49618,34.18932],[50.557,34.19824],[50.609,34.21741],[50.6542,34.25576],[50.73905,34.2165],[50.78597,34.22412],[50.81196,34.23697],[50.83313,34.20803],[50.8496,34.20689],[50.86326,34.1949],[50.89937,34.19196],[50.91275,34.16067],[50.9398,34.14746],[50.97294,34.11038],[51.0,34.09331],[50.99971,34.08105],[51.0264,34.06473],[51.05269,34.01781],[51.0511,33.9838],[51.02855,33.95965],[51.05163,33.93609],[51.04676,33.92098],[51.0527,33.90338],[51.04176,33.88886],[51.04557,33.87637],[51.03593,33.85103],[51.05259,33.82676],[51.03962,33.79987],[51.01297,33.77453],[50.97475,33.75552],[50.95991,33.73746],[50.89923,33.70634],[50.82833,33.70184],[50.7714,33.72081],[50.70127,33.7245],[50.58753,33.65205],[50.57822,33.62942],[50.56876,33.62591],[50.51272,33.63436],[50.44889,33.63115],[50.33216,33.61245],[50.30717,33.58656],[50.28061,33.58085],[50.26077,33.58199],[50.24678,33.59941],[50.23421,33.60069],[50.21066,33.57514],[50.2069,33.54191],[50.19364,33.52924],[50.084,33.50241],[50.00316,33.49652],[49.98249,33.48669],[49.97355,33.46916],[49.98931,33.43975],[49.98788,33.41685],[49.96007,33.4157],[49.94882,33.38646],[49.93723,33.38407],[49.9185,33.4024],[49.799,33.44081],[49.78549,33.49084],[49.76836,33.5171],[49.71557,33.56495],[49.67721,33.57209],[49.65121,33.58577],[49.63426,33.62926],[49.60808,33.63919],[49.59559,33.66281],[49.60005,33.67441],[49.63408,33.69499],[49.63152,33.71991],[49.6168,33.74233],[49.59943,33.73051],[49.60029,33.7168],[49.56768,33.71875],[49.54238,33.68779],[49.52338,33.68516],[49.4411,33.69575],[49.42149,33.68994],[49.42215,33.71773],[49.39417,33.74234],[49.36938,33.72616],[49.34953,33.72801],[49.35453,33.70179],[49.36847,33.68214],[49.34568,33.66477],[49.34073,33.64216],[49.30613,33.64768],[49.28476,33.63774],[49.28871,33.62489],[49.27577,33.59505],[49.2338,33.60885],[49.20591,33.60395],[49.19477,33.61756],[49.19887,33.63512],[49.18925,33.64787],[49.18426,33.67847],[49.12958,33.71212],[49.11289,33.70329],[49.06909,33.71072],[49.06355,33.67651],[49.04036,33.69301],[49.01398,33.6833],[48.99833,33.73008],[49.00027,33.75966],[48.97909,33.77028],[48.97663,33.79107],[48.9872,33.81459],[48.96572,33.82733],[48.98754,33.85445],[48.99708,33.85577],[48.98465,33.88008],[49.00116,33.88684],[49.00149,33.8935],[48.97456,33.90116],[48.95167,33.89421],[48.94696,33.90744],[48.95447,33.93495],[48.98598,33.96645],[49.01144,33.96926],[49.02805,33.96127],[49.04738,33.97429],[49.05042,33.99071],[49.09222,33.99825],[49.07842,34.01138],[49.11017,34.02274],[49.1152,34.04484],[49.13713,34.05369],[49.19041,34.11086],[49.1486,34.11868],[49.1084,34.15711],[49.1088,34.17396],[49.13319,34.19041],[49.12559,34.22044],[49.13484,34.24557],[49.09841,34.25602],[49.08396,34.27584],[49.02925,34.30662],[49.01977,34.32227],[49.02502,34.3366],[49.01629,34.37749],[48.98608,34.38474],[48.96563,34.37817],[48.95741,34.39114],[48.99053,34.41763],[49.00983,34.41678],[49.02554,34.44082],[49.01178,34.46144],[49.03725,34.49102],[49.06066,34.49918],[49.00903,34.59585],[49.06757,34.62905],[49.07756,34.62148],[49.08006,34.59057],[49.08998,34.58],[49.1159,34.584],[49.13538,34.59942],[49.14188,34.61969],[49.13924,34.65703],[49.10748,34.74432],[49.11389,34.76489],[49.15692,34.79932],[49.15973,34.82928],[49.17115,34.84669],[49.16415,34.86033],[49.20392,34.85553],[49.21132,34.83826],[49.25812,34.8811],[49.30609,34.90869],[49.3335,34.91608],[49.3869,34.91132],[49.39313,34.91992],[49.38829,34.9428],[49.40792,34.95507],[49.405,34.9772],[49.41114,34.98884],[49.42942,34.9955],[49.42038,35.00793],[49.40288,35.01273],[49.33842,35.01337],[49.30378,35.00483],[49.29288,35.01021],[49.27522,35.04152],[49.28174,35.06018],[49.32738,35.0835],[49.35355,35.07165],[49.36902,35.07293],[49.37302,35.0557],[49.42789,35.03648],[49.4603,35.09282],[49.48043,35.15973],[49.47846,35.17813],[49.45419,35.19075],[49.43317,35.22199],[49.38457,35.2307],[49.38534,35.26318],[49.3628,35.27932],[49.36585,35.29562],[49.41805,35.36264],[49.40623,35.38399],[49.4429,35.4174],[49.50706,35.39086],[49.57852,35.40955],[49.62858,35.44802],[49.68782,35.44566],[49.70214,35.48411],[49.67929,35.52188],[49.69711,35.53269],[49.72285,35.53475],[49.80691,35.51274],[49.85343,35.54015],[49.89615,35.54434],[49.94046,35.51708],[50.02232,35.50185],[50.19524,35.52096],[50.28295,35.55439],[50.35803,35.56833]]]}},{"type":"Feature","properties":{"ProvincNam":"هرمزگان","ADM1_FA":"هرمزگان","Name":"هرمزگان"},"geometry":{"type":"MultiPolygon","coordinates":[[[[56.05663,28.87894],[56.05032,28.85398],[56.06279,28.70433],[56.03909,28.50446],[56.04183,28.38824],[56.06125,28.29784],[56.10795,28.23832],[56.16757,28.19843],[56.25593,28.16277],[56.38203,28.13622],[56.45113,28.13188],[56.66202,28.14432],[56.74254,28.25413],[56.76898,28.26835],[57.00006,28.24614],[57.00727,27.97507],[57.18868,27.8985],[57.41193,27.89346],[57.4197,27.88748],[57.42075,27.82384],[57.42746,27.80926],[57.4753,27.79245],[57.3159,27.69852],[57.24235,27.61112],[57.22384,27.56896],[57.23572,27.55991],[57.25454,27.56247],[57.3053,27.59568],[57.36323,27.57119],[57.318,27.48818],[57.31599,27.45662],[57.32632,27.41934],[57.3164,27.3678],[57.33038,27.33107],[57.36853,27.28863],[57.42312,27.24281],[57.55013,27.18758],[57.57783,27.12857],[57.59924,27.10253],[57.74891,27.00497],[57.79025,26.94805],[57.81308,26.93753],[57.8525,26.93894],[57.90584,26.92405],[57.99664,26.91561],[58.05285,26.86667],[58.09352,26.84203],[58.12401,26.83531],[58.19278,26.77883],[58.35523,26.75794],[58.42054,26.7386],[58.48676,26.69987],[58.52007,26.65451],[58.58898,26.59052],[58.64595,26.55162],[58.84455,26.4827],[58.88828,26.42011],[58.87434,26.37751],[58.87937,26.35614],[58.89608,26.33977],[58.94717,26.33688],[58.98211,26.27627],[58.99063,26.20649],[59.0334,26.17004],[59.02574,26.14368],[59.0389,26.10248],[59.08151,26.05007],[59.0873,25.99846],[59.03052,25.9798],[59.00287,25.95172],[59.00235,25.93169],[59.02634,25.92027],[59.03195,25.90566],[59.07307,25.89576],[59.0814,25.85902],[59.09187,25.84703],[59.14083,25.81631],[59.22101,25.74536],[59.21402,25.68496],[59.23992,25.63393],[59.21296,25.5585],[59.22609,25.43901],[59.19398,25.43467],[59.11275,25.40378],[59.09238,25.40274],[59.08224,25.41359],[59.03104,25.41192],[58.99672,25.43072],[58.9172,25.51495],[58.89088,25.52932],[58.83835,25.53984],[58.83468,25.55245],[58.79395,25.57601],[58.69406,25.56463],[58.55324,25.59866],[58.47296,25.58277],[58.3753,25.59424],[58.34232,25.589],[58.33966,25.57725],[58.30525,25.57472],[58.30187,25.58196],[58.29959,25.57372],[58.25547,25.56392],[58.24767,25.57173],[58.24919,25.56254],[58.13241,25.54541],[58.03233,25.59105],[57.98636,25.65496],[57.98198,25.64863],[57.9608,25.68851],[57.9441,25.6966],[57.86477,25.68684],[57.76702,25.63583],[57.76397,25.64125],[57.7775,25.65874],[57.77352,25.7036],[57.76475,25.7205],[57.73816,25.74106],[57.69476,25.74344],[57.64465,25.72384],[57.59393,25.73814],[57.57603,25.73412],[57.55821,25.74344],[57.51668,25.74125],[57.42065,25.7534],[57.4344,25.76386],[57.41786,25.75801],[57.39854,25.77108],[57.30461,25.78501],[57.29753,25.79228],[57.274,25.92851],[57.24426,25.971],[57.20844,25.99672],[57.19847,26.01287],[57.20386,26.03444],[57.18965,26.05111],[57.19449,26.08177],[57.18773,26.09575],[57.22432,26.14564],[57.22771,26.16587],[57.21857,26.17903],[57.20742,26.17931],[57.18732,26.20987],[57.14524,26.23459],[57.13149,26.25259],[57.12391,26.31518],[57.11651,26.32408],[57.12733,26.32518],[57.12373,26.34154],[57.10335,26.35492],[57.09659,26.34551],[57.08772,26.35501],[57.10449,26.36598],[57.09732,26.3737],[57.08539,26.36634],[57.06765,26.44081],[57.05238,26.45359],[57.08811,26.52751],[57.07852,26.62633],[57.0559,26.71888],[56.99952,26.85314],[56.94546,26.90378],[56.94003,26.93081],[56.91819,26.95751],[56.92252,26.96945],[56.9269,26.95465],[56.94317,26.94999],[56.93694,26.96841],[56.9526,26.98871],[56.94708,26.99607],[56.97239,27.00365],[56.98573,27.01653],[56.97896,27.02298],[56.96663,27.00685],[56.97394,27.02978],[56.96562,27.02005],[56.95827,27.02471],[56.95576,27.01064],[56.94214,27.0248],[56.94954,27.00923],[56.93739,27.01896],[56.942,27.00968],[56.92985,27.0132],[56.94214,27.00027],[56.92802,26.99972],[56.9159,27.00821],[56.92093,27.02713],[56.90704,27.02261],[56.89393,27.03124],[56.88233,27.02064],[56.87123,27.03773],[56.87889,27.03778],[56.87989,27.04535],[56.86309,27.06077],[56.85638,27.08385],[56.81446,27.12749],[56.80784,27.12468],[56.79195,27.14067],[56.78419,27.13139],[56.77905,27.14757],[56.76777,27.13724],[56.74322,27.13991],[56.73308,27.15337],[56.72137,27.15537],[56.70805,27.15304],[56.71129,27.14409],[56.69672,27.1429],[56.69753,27.14966],[56.68987,27.14352],[56.68116,27.14728],[56.68273,27.15685],[56.6656,27.15433],[56.66246,27.16484],[56.64794,27.15785],[56.64361,27.16599],[56.61639,27.1707],[56.60407,27.16337],[56.57685,27.16946],[56.55381,27.16384],[56.54231,27.17764],[56.51851,27.16601],[56.45526,27.16558],[56.43979,27.17448],[56.42542,27.16915],[56.40096,27.19037],[56.39049,27.18366],[56.37369,27.19446],[56.29408,27.18162],[56.22945,27.15125],[56.22407,27.16034],[56.2216,27.13826],[56.20385,27.13288],[56.19514,27.13269],[56.20318,27.13878],[56.20104,27.15944],[56.18614,27.15382],[56.19476,27.15121],[56.13708,27.15182],[56.09168,27.11171],[56.05189,27.10214],[56.04794,27.09396],[55.97333,27.0624],[55.95181,27.02157],[55.91898,27.01562],[55.89038,27.01986],[55.86535,27.00582],[55.85426,27.01581],[55.85031,27.0073],[55.82123,27.00663],[55.80719,26.99616],[55.77069,27.00154],[55.74651,26.97268],[55.68274,26.98882],[55.64072,26.98144],[55.61862,26.95369],[55.58309,26.93478],[55.5663,26.91428],[55.56779,26.90246],[55.57944,26.92114],[55.59674,26.92519],[55.58528,26.91013],[55.59018,26.89019],[55.57124,26.88814],[55.57557,26.87391],[55.54902,26.8711],[55.5731,26.85982],[55.56934,26.84288],[55.55411,26.83441],[55.56206,26.81138],[55.4697,26.75528],[55.38243,26.75599],[55.33231,26.78816],[55.25484,26.78412],[55.23814,26.77674],[55.21529,26.73158],[55.16114,26.72173],[55.14091,26.7016],[55.10403,26.69803],[55.07981,26.67771],[55.0622,26.6463],[55.03469,26.64358],[54.97311,26.61893],[54.84762,26.51985],[54.81578,26.52109],[54.79503,26.49734],[54.7217,26.51609],[54.67116,26.51405],[54.62067,26.50186],[54.60744,26.51257],[54.58597,26.56211],[54.5617,26.59114],[54.51445,26.6018],[54.44073,26.58586],[54.38905,26.60765],[54.33975,26.68965],[54.318,26.71069],[54.32328,26.72406],[54.31262,26.72353],[54.30924,26.71378],[54.2685,26.72939],[54.18922,26.70688],[54.08762,26.72487],[54.01076,26.76103],[53.98841,26.75615],[53.92463,26.72084],[53.88456,26.72294],[53.83563,26.71038],[53.76085,26.7239],[53.73389,26.71696],[53.72439,26.70247],[53.69387,26.73655],[53.59373,26.77689],[53.48984,26.8472],[53.47901,26.86877],[53.4786,26.94776],[53.45777,26.97905],[53.43844,26.97896],[53.41871,26.99143],[53.3653,26.99344],[53.10918,27.09254],[53.06793,27.09464],[52.95573,27.13891],[52.9089,27.17162],[52.83763,27.19789],[52.78678,27.24874],[52.77646,27.24599],[52.75142,27.26843],[52.73075,27.27412],[52.75352,27.29711],[52.80949,27.32443],[52.81758,27.31913],[52.82351,27.32653],[52.83571,27.32429],[52.85755,27.29706],[52.87811,27.29761],[52.939,27.33575],[53.03343,27.28022],[53.07017,27.27137],[53.12575,27.27189],[53.34683,27.19449],[53.37262,27.14504],[53.40694,27.11111],[53.48946,27.10188],[53.52972,27.15875],[53.53833,27.16036],[53.57569,27.12667],[53.63665,27.09598],[53.79879,27.04924],[53.93955,27.12758],[54.02611,27.22005],[54.02644,27.23894],[53.97094,27.31881],[53.96705,27.33794],[53.97413,27.35222],[54.1488,27.42033],[54.35028,27.46088],[54.45501,27.45237],[54.56506,27.46596],[54.66317,27.46653],[54.77847,27.44866],[55.05738,27.43267],[55.14486,27.43581],[55.26336,27.49925],[55.32778,27.56704],[55.387,27.60136],[55.43822,27.64299],[55.48237,27.73431],[55.54632,27.76674],[55.58047,27.80392],[55.50412,27.92367],[55.45975,27.96357],[55.40151,27.99193],[55.41316,28.07117],[55.40779,28.13779],[55.41711,28.44529],[55.42442,28.48327],[55.4536,28.52399],[55.45749,28.55191],[55.43704,28.58212],[55.36606,28.65139],[55.2567,28.72318],[55.25087,28.74783],[55.35127,28.73683],[55.39964,28.72329],[55.45303,28.69679],[55.53284,28.69737],[55.58327,28.72138],[55.64818,28.73961],[55.80089,28.81481],[55.93533,28.85979],[56.00348,28.87641],[56.05663,28.87894]]],[[[56.15579,26.99722],[56.17996,26.98246],[56.18158,26.99122],[56.19329,26.98132],[56.21118,26.99484],[56.23612,26.97809],[56.25934,26.97752],[56.28314,26.94963],[56.28199,26.93773],[56.26772,26.92736],[56.17911,26.9126],[56.13409,26.83142],[56.0983,26.80972],[56.08745,26.79953],[56.08945,26.78944],[56.07336,26.7765],[55.98199,26.72634],[55.97894,26.71216],[55.94306,26.68798],[55.92641,26.68456],[55.91689,26.69093],[55.91537,26.71339],[55.87872,26.73281],[55.85807,26.73481],[55.76099,26.68132],[55.6896,26.68627],[55.62136,26.64249],[55.54312,26.62259],[55.49201,26.59176],[55.45489,26.59709],[55.36095,26.56292],[55.33478,26.57443],[55.32021,26.5554],[55.32488,26.5495],[55.30051,26.55093],[55.29509,26.53893],[55.2771,26.55388],[55.2712,26.57615],[55.2807,26.61167],[55.26179,26.65661],[55.28287,26.66061],[55.31743,26.64538],[55.35691,26.64588],[55.41118,26.67576],[55.43909,26.67603],[55.49168,26.70143],[55.54778,26.70774],[55.59945,26.72875],[55.60622,26.75153],[55.63954,26.7893],[55.63805,26.86485],[55.65887,26.90411],[55.70408,26.93623],[55.76584,26.95087],[55.79477,26.94211],[55.85369,26.90128],[55.88872,26.89757],[55.93973,26.91375],[55.95829,26.92469],[55.96181,26.93621],[55.97504,26.93649],[55.99779,26.95182],[56.06051,26.96029],[56.09554,26.98189],[56.1398,26.9857],[56.15579,26.99722]]],[[[53.95776,26.57629],[54.02125,26.566],[54.02296,26.54216],[54.0458,26.5266],[54.03966,26.50747],[53.97214,26.50004],[53.91027,26.51395],[53.89761,26.55002],[53.92921,26.57077],[53.95776,26.57629]]],[[[53.15801,26.84879],[53.24826,26.82588],[53.34939,26.81886],[53.38244,26.79928],[53.29459,26.78438],[53.22885,26.79554],[53.17387,26.81764],[53.14773,26.84141],[53.15801,26.84879]]],[[[56.35625,26.88967],[56.40271,26.88242],[56.41545,26.87345],[56.40814,26.85415],[56.3746,26.82909],[56.32783,26.81951],[56.31665,26.83769],[56.31926,26.85523],[56.35625,26.88967]]],[[[56.47355,27.0902],[56.48982,27.09258],[56.50737,27.07435],[56.50594,27.04203],[56.4707,27.03162],[56.43349,27.04328],[56.43238,27.07435],[56.45898,27.1031],[56.47355,27.0902]]],[[[55.87504,26.61162],[55.85303,26.61331],[55.84603,26.62887],[55.87991,26.68107],[55.90711,26.67836],[55.91642,26.65697],[55.90214,26.62666],[55.87504,26.61162]]],[[[54.52677,26.31381],[54.53789,26.28544],[54.52478,26.25736],[54.51249,26.25187],[54.48213,26.29728],[54.49607,26.31468],[54.52677,26.31381]]],[[[53.59374,26.69212],[53.64223,26.68914],[53.66805,26.6788],[53.65358,26.65924],[53.6252,26.65841],[53.59136,26.67594],[53.59374,26.69212]]],[[[54.55013,25.91602],[54.54609,25.88984],[54.49358,25.90365],[54.50399,25.91924],[54.54335,25.92941],[54.55013,25.91602]]],[[[55.3167,26.28302],[55.32248,26.24875],[55.29638,26.2493],[55.27915,26.26931],[55.3167,26.28302]]],[[[55.03767,25.89638],[55.0538,25.85867],[55.03182,25.85562],[55.01587,25.86133],[55.00833,25.87561],[55.03767,25.89638]]],[[[55.15457,26.24162],[55.14478,26.23348],[55.14088,26.24552],[55.15457,26.24162]]],[[[53.40019,26.79502],[53.4126,26.79341],[53.41295,26.7901],[53.40221,26.78841],[53.40019,26.79502]]],[[[54.44259,26.12284],[54.43403,26.11637],[54.43421,26.12679],[54.44259,26.12284]]]]}},{"type":"Feature","properties":{"ProvincNam":"همدان","ADM1_FA":"همدان","Name":"همدان"},"geometry":{"type":"Polygon","coordinates":[[[49.02016,35.62029],[49.04514,35.61862],[49.14153,35.56166],[49.14473,35.51795],[49.1662,35.4907],[49.25294,35.4701],[49.30106,35.46865],[49.34351,35.44152],[49.39224,35.42463],[49.42372,35.43042],[49.43783,35.42463],[49.4429,35.4174],[49.40623,35.38399],[49.41805,35.36264],[49.36585,35.29562],[49.3628,35.27932],[49.38534,35.26318],[49.38457,35.2307],[49.43317,35.22199],[49.45419,35.19075],[49.47366,35.18339],[49.48051,35.17071],[49.4603,35.09282],[49.42789,35.03648],[49.37302,35.0557],[49.36902,35.07293],[49.35355,35.07165],[49.33147,35.08288],[49.31496,35.08183],[49.28174,35.06018],[49.27627,35.03381],[49.2974,35.00735],[49.40288,35.01273],[49.42038,35.00793],[49.42942,34.9955],[49.41114,34.98884],[49.405,34.9772],[49.40792,34.95507],[49.38829,34.9428],[49.39313,34.91992],[49.3869,34.91132],[49.3335,34.91608],[49.30609,34.90869],[49.25812,34.8811],[49.21132,34.83826],[49.20392,34.85553],[49.16415,34.86033],[49.17115,34.84669],[49.15973,34.82928],[49.15692,34.79932],[49.11389,34.76489],[49.10748,34.74432],[49.13924,34.65703],[49.14188,34.61969],[49.1341,34.59764],[49.1119,34.58257],[49.08756,34.58108],[49.07756,34.62148],[49.06757,34.62905],[49.00786,34.59302],[49.0385,34.55115],[49.06066,34.49918],[49.03725,34.49102],[49.01178,34.46144],[49.02554,34.44082],[49.00983,34.41678],[48.99053,34.41763],[48.96118,34.39776],[48.95781,34.38577],[48.96563,34.37817],[48.98608,34.38474],[49.01629,34.37749],[49.02502,34.3366],[49.01977,34.32227],[49.02925,34.30662],[49.08396,34.27584],[49.09841,34.25602],[49.13484,34.24557],[49.12559,34.22044],[49.13233,34.18761],[49.11046,34.17601],[49.10737,34.16002],[49.1486,34.11868],[49.18858,34.11348],[49.17807,34.09144],[49.13713,34.05369],[49.1152,34.04484],[49.11325,34.02662],[49.09824,34.01492],[49.07773,34.01023],[49.02331,34.02034],[48.96238,34.00127],[48.93942,34.02462],[48.92509,34.02474],[48.91224,34.00212],[48.86747,34.00012],[48.85245,34.03507],[48.78003,34.06688],[48.73431,34.12131],[48.71986,34.11958],[48.72587,34.09971],[48.71409,34.08835],[48.66394,34.08002],[48.62789,34.09537],[48.6019,34.0648],[48.58899,34.0617],[48.56468,34.06786],[48.5534,34.10112],[48.53612,34.10805],[48.52684,34.0937],[48.52564,34.04991],[48.484,34.00755],[48.38617,34.00076],[48.30713,34.02176],[48.30909,34.05635],[48.24538,34.05105],[48.17974,34.08639],[48.14622,34.13407],[48.13036,34.14616],[48.10709,34.14896],[48.07052,34.2014],[48.04877,34.21701],[48.0,34.2228],[47.95077,34.24787],[47.91046,34.2401],[47.89812,34.25678],[47.89989,34.26892],[47.94681,34.31232],[47.96682,34.35193],[48.0,34.36884],[47.99807,34.40065],[48.04472,34.3904],[48.06185,34.40981],[48.08515,34.41804],[48.10562,34.4635],[48.09047,34.49194],[48.10353,34.528],[48.08668,34.55408],[48.08953,34.57679],[48.04899,34.62422],[48.04031,34.61998],[48.03659,34.58972],[48.02388,34.59666],[48.00324,34.58819],[47.95845,34.62227],[47.87306,34.63144],[47.85581,34.66195],[47.86703,34.68125],[47.86956,34.70839],[47.85681,34.76472],[47.80506,34.82386],[47.80267,34.83802],[47.80678,34.8475],[47.86709,34.85889],[47.91437,34.8882],[47.92908,34.92281],[47.9197,34.95063],[47.95016,34.97109],[47.98942,34.95967],[48.04009,34.98792],[48.07555,34.96084],[48.11099,34.97258],[48.14283,34.96837],[48.16162,34.99161],[48.19159,35.00131],[48.20638,35.08988],[48.2002,35.10238],[48.16622,35.11627],[48.17417,35.13759],[48.19025,35.15144],[48.19139,35.16619],[48.14782,35.22144],[48.10952,35.22577],[48.10347,35.26732],[48.07568,35.30097],[48.04165,35.36564],[47.98919,35.37594],[47.97544,35.38583],[47.95241,35.43565],[47.9266,35.46544],[47.90959,35.52055],[47.89174,35.54202],[47.89331,35.56168],[47.91847,35.58512],[47.93149,35.57529],[47.96518,35.5697],[47.99887,35.57335],[48.01437,35.58992],[48.01227,35.60381],[48.03735,35.62333],[48.09146,35.6496],[48.11644,35.64879],[48.13914,35.67515],[48.17303,35.67101],[48.22076,35.68495],[48.25836,35.72084],[48.31005,35.67587],[48.40813,35.63811],[48.42275,35.6375],[48.44848,35.65105],[48.48762,35.64359],[48.50544,35.62638],[48.50711,35.59714],[48.53635,35.58603],[48.55539,35.58191],[48.61463,35.60049],[48.67828,35.59242],[48.69183,35.58374],[48.713,35.54841],[48.7346,35.55275],[48.71177,35.57875],[48.77285,35.67892],[48.73813,35.69476],[48.73965,35.71471],[48.75823,35.72826],[48.79782,35.72933],[48.83788,35.70268],[48.89666,35.69369],[48.98377,35.64938],[49.02016,35.62029]]]}},{"type":"Feature","properties":{"ProvincNam":"یزد","ADM1_FA":"یزد","Name":"یزد"},"geometry":{"type":"Polygon","coordinates":[[[55.49802,33.2709],[55.61372,33.06292],[55.66852,32.98954],[55.67755,32.95059],[55.8025,32.79469],[55.85132,32.76294],[55.99238,32.7333],[56.19385,32.61332],[56.24245,32.56649],[56.3714,32.40508],[56.55414,32.23132],[56.66795,32.09112],[56.61707,32.00078],[56.60336,31.98914],[56.60717,31.85282],[56.58022,31.74294],[56.58336,31.71205],[56.5383,31.70765],[56.46423,31.67076],[56.33614,31.58761],[56.26162,31.55649],[56.16573,31.55249],[56.13981,31.58573],[56.12359,31.59029],[56.03856,31.57305],[56.02474,31.55392],[56.02291,31.49099],[56.01377,31.46574],[55.96083,31.4224],[55.9429,31.37866],[55.93131,31.36889],[55.74982,31.28232],[55.68266,31.2601],[55.61054,31.24914],[55.50381,31.19568],[55.49929,31.18736],[55.40554,31.15232],[55.17427,31.07731],[55.02294,31.05204],[54.95088,31.02592],[54.72972,31.06939],[54.54079,31.01275],[54.52685,30.98592],[54.55708,30.75029],[54.55753,30.68826],[54.56804,30.64628],[54.56079,30.58301],[54.49985,30.49575],[54.46593,30.46794],[54.37239,30.41608],[54.34241,30.3849],[54.41282,30.30004],[54.51227,30.22888],[54.54557,30.19632],[54.55596,30.17559],[54.55031,30.02249],[54.54115,29.9977],[54.56436,29.62612],[54.47958,29.64196],[54.33773,29.6069],[54.24384,29.59639],[54.18423,29.67532],[54.1478,29.74908],[54.09202,29.81636],[54.08834,29.85414],[54.10415,29.91393],[54.0968,29.94263],[54.04011,29.99799],[54.00248,30.01536],[53.99971,30.02971],[53.94073,30.0817],[53.87479,30.20102],[53.90584,30.27645],[53.93529,30.32112],[53.94219,30.35015],[53.9084,30.44819],[53.93321,30.51517],[53.93838,30.5549],[53.92999,30.58191],[53.90971,30.60696],[53.85326,30.65359],[53.79484,30.67495],[53.65993,30.70594],[53.52204,30.72146],[53.46534,30.73608],[53.39218,30.82197],[53.26716,30.88575],[53.14244,30.93831],[53.03445,31.00039],[52.96112,31.02456],[52.90957,31.13248],[52.84156,31.18076],[52.83864,31.19761],[52.84956,31.21178],[52.94221,31.24353],[52.96583,31.26194],[52.97912,31.29186],[52.97908,31.34061],[52.95929,31.38282],[52.93197,31.41065],[52.86486,31.44121],[52.80191,31.49613],[52.92859,31.49109],[53.02671,31.5038],[53.10921,31.53037],[53.1911,31.5732],[53.20603,31.59083],[53.19804,31.61731],[53.15607,31.66737],[53.08088,31.71877],[53.05704,31.74356],[53.01121,31.85359],[53.02842,31.95937],[53.0517,31.99933],[53.05432,32.02008],[53.06536,32.33657],[53.05418,32.43061],[53.01734,32.50685],[53.04706,32.53264],[53.20177,32.62577],[53.43207,32.68681],[53.52751,32.69576],[53.74767,32.67933],[53.84434,32.68495],[53.9581,32.8008],[54.01032,32.82492],[54.16822,32.87015],[54.22767,32.89887],[54.28775,32.96357],[54.30995,33.02901],[54.35221,33.05188],[54.42008,33.07227],[54.56152,33.09091],[54.74941,33.06578],[54.76104,33.06988],[54.79568,33.12013],[54.9056,33.17991],[55.00349,33.12549],[55.11109,33.23499],[55.17742,33.28807],[55.24553,33.33084],[55.2963,33.3482],[55.38699,33.36447],[55.40509,33.35756],[55.49802,33.2709]]]}}]}